BEGIN TRANSACTION;
CREATE TABLE "accounts_auditlog" ("id" integer NOT NULL PRIMARY KEY AUTOINCREMENT, "action" varchar(20) NOT NULL, "object_id" integer unsigned NULL CHECK ("object_id" >= 0), "object_repr" varchar(200) NOT NULL, "detail" text NOT NULL, "ip_address" char(39) NULL, "user_agent" varchar(300) NOT NULL, "created_at" datetime NOT NULL, "user_id" bigint NULL REFERENCES "accounts_user" ("id") DEFERRABLE INITIALLY DEFERRED, "changes" text NULL CHECK ((JSON_VALID("changes") OR "changes" IS NULL)), "level" varchar(10) NOT NULL, "object_url" varchar(300) NOT NULL, "module" varchar(20) NOT NULL);
INSERT INTO "accounts_auditlog" VALUES(1,'login',37,'Admin GeoAd (Administrateur)','Connexion réussie','127.0.0.1','Mozilla/5.0 (Windows NT 10.0; Win64; x64) AppleWebKit/537.36 (KHTML, like Gecko) Chrome/147.0.0.0 Safari/537.36','2026-04-23 11:58:40.607514',NULL,NULL,'info','','users');
INSERT INTO "accounts_auditlog" VALUES(2,'create',1983,'Support object (1983)','Création support: ECR-1585','127.0.0.1','Mozilla/5.0 (Windows NT 10.0; Win64; x64) AppleWebKit/537.36 (KHTML, like Gecko) Chrome/147.0.0.0 Safari/537.36','2026-04-23 12:02:39.348525',NULL,NULL,'info','','inventory');
INSERT INTO "accounts_auditlog" VALUES(3,'login',45,'Admin GeoAd (Administrateur)','Connexion réussie','127.0.0.1','Mozilla/5.0 (Windows NT 10.0; Win64; x64) AppleWebKit/537.36 (KHTML, like Gecko) Chrome/147.0.0.0 Safari/537.36','2026-04-23 12:16:51.175472',NULL,NULL,'info','','users');
INSERT INTO "accounts_auditlog" VALUES(4,'login',49,'Admin GeoAd (Administrateur)','Connexion réussie','127.0.0.1','Mozilla/5.0 (Windows NT 10.0; Win64; x64) AppleWebKit/537.36 (KHTML, like Gecko) Chrome/147.0.0.0 Safari/537.36','2026-04-23 12:17:50.546589',NULL,NULL,'info','','users');
INSERT INTO "accounts_auditlog" VALUES(5,'login',69,'Admin GeoAd (Administrateur)','Connexion réussie','127.0.0.1','Mozilla/5.0 (Windows NT 10.0; Win64; x64) AppleWebKit/537.36 (KHTML, like Gecko) Chrome/147.0.0.0 Safari/537.36','2026-04-23 12:27:10.126216',NULL,NULL,'info','','users');
INSERT INTO "accounts_auditlog" VALUES(6,'login',73,'Admin GeoAd (Administrateur)','Connexion réussie','127.0.0.1','Mozilla/5.0 (Linux; Android 6.0; Nexus 5 Build/MRA58N) AppleWebKit/537.36 (KHTML, like Gecko) Chrome/147.0.0.0 Mobile Safari/537.36','2026-04-23 13:24:08.837693',NULL,NULL,'info','','users');
INSERT INTO "accounts_auditlog" VALUES(7,'login',81,'Admin GeoAd (Administrateur)','Connexion réussie','127.0.0.1','Mozilla/5.0 (Linux; Android 6.0; Nexus 5 Build/MRA58N) AppleWebKit/537.36 (KHTML, like Gecko) Chrome/147.0.0.0 Mobile Safari/537.36','2026-04-23 13:47:22.411806',NULL,NULL,'info','','users');
INSERT INTO "accounts_auditlog" VALUES(8,'login',85,'Admin GeoAd (Administrateur)','Connexion réussie','127.0.0.1','Mozilla/5.0 (Linux; Android 6.0; Nexus 5 Build/MRA58N) AppleWebKit/537.36 (KHTML, like Gecko) Chrome/147.0.0.0 Mobile Safari/537.36','2026-04-23 14:21:18.887037',NULL,NULL,'info','','users');
INSERT INTO "accounts_auditlog" VALUES(9,'login',93,'Admin GeoAd (Administrateur)','Connexion réussie','127.0.0.1','Mozilla/5.0 (Linux; Android 6.0; Nexus 5 Build/MRA58N) AppleWebKit/537.36 (KHTML, like Gecko) Chrome/147.0.0.0 Mobile Safari/537.36','2026-04-23 14:30:38.750066',NULL,NULL,'info','','users');
INSERT INTO "accounts_auditlog" VALUES(10,'create',4784,'Support object (4784)','Création support: PAN-230426-153348','127.0.0.1','Mozilla/5.0 (Linux; Android 6.0; Nexus 5 Build/MRA58N) AppleWebKit/537.36 (KHTML, like Gecko) Chrome/147.0.0.0 Mobile Safari/537.36','2026-04-23 15:36:34.861150',NULL,NULL,'info','','inventory');
INSERT INTO "accounts_auditlog" VALUES(11,'update',4784,'Support object (4784)','Modification support: PAN-230426-153348','127.0.0.1','Mozilla/5.0 (Windows NT 10.0; Win64; x64) AppleWebKit/537.36 (KHTML, like Gecko) Chrome/147.0.0.0 Safari/537.36','2026-04-23 15:41:03.074009',NULL,NULL,'info','','inventory');
INSERT INTO "accounts_auditlog" VALUES(12,'update',4784,'Support object (4784)','Modification support: PAN-230426-153348','127.0.0.1','Mozilla/5.0 (Windows NT 10.0; Win64; x64) AppleWebKit/537.36 (KHTML, like Gecko) Chrome/147.0.0.0 Safari/537.36','2026-04-23 15:43:04.963706',NULL,NULL,'info','','inventory');
INSERT INTO "accounts_auditlog" VALUES(13,'login',97,'Admin GeoAd (Administrateur)','Connexion réussie','127.0.0.1','Mozilla/5.0 (Windows NT 10.0; Win64; x64) AppleWebKit/537.36 (KHTML, like Gecko) Chrome/147.0.0.0 Safari/537.36','2026-04-23 16:09:57.374739',NULL,NULL,'info','','users');
INSERT INTO "accounts_auditlog" VALUES(14,'update',4786,'Support object (4786)','Modification support: PAN-002','127.0.0.1','Mozilla/5.0 (Windows NT 10.0; Win64; x64) AppleWebKit/537.36 (KHTML, like Gecko) Chrome/147.0.0.0 Safari/537.36','2026-04-23 16:23:27.095420',NULL,NULL,'info','','inventory');
INSERT INTO "accounts_auditlog" VALUES(15,'update',4786,'Support object (4786)','Modification support: PAN-002','127.0.0.1','Mozilla/5.0 (Windows NT 10.0; Win64; x64) AppleWebKit/537.36 (KHTML, like Gecko) Chrome/147.0.0.0 Safari/537.36','2026-04-23 16:23:41.288791',NULL,NULL,'info','','inventory');
INSERT INTO "accounts_auditlog" VALUES(16,'login',101,'Admin GeoAd (Administrateur)','Connexion réussie','127.0.0.1','Mozilla/5.0 (Linux; Android 6.0; Nexus 5 Build/MRA58N) AppleWebKit/537.36 (KHTML, like Gecko) Chrome/147.0.0.0 Mobile Safari/537.36','2026-04-23 16:52:54.019033',NULL,NULL,'info','','users');
INSERT INTO "accounts_auditlog" VALUES(17,'login',113,'Admin GeoAd (Administrateur)','Connexion réussie','127.0.0.1','Mozilla/5.0 (Linux; Android 6.0; Nexus 5 Build/MRA58N) AppleWebKit/537.36 (KHTML, like Gecko) Chrome/147.0.0.0 Mobile Safari/537.36','2026-04-23 16:54:34.498324',NULL,NULL,'info','','users');
INSERT INTO "accounts_auditlog" VALUES(18,'login',117,'Admin GeoAd (Administrateur)','Connexion réussie','127.0.0.1','Mozilla/5.0 (Linux; Android 6.0; Nexus 5 Build/MRA58N) AppleWebKit/537.36 (KHTML, like Gecko) Chrome/147.0.0.0 Mobile Safari/537.36','2026-04-23 16:57:24.798018',NULL,NULL,'info','','users');
INSERT INTO "accounts_auditlog" VALUES(19,'login',125,'Admin GeoAd (Administrateur)','Connexion réussie','127.0.0.1','Mozilla/5.0 (Linux; Android 6.0; Nexus 5 Build/MRA58N) AppleWebKit/537.36 (KHTML, like Gecko) Chrome/147.0.0.0 Mobile Safari/537.36','2026-04-23 17:02:40.941390',NULL,NULL,'info','','users');
INSERT INTO "accounts_auditlog" VALUES(20,'login',141,'Admin GeoAd (Administrateur)','Connexion réussie','127.0.0.1','Mozilla/5.0 (Linux; Android 6.0; Nexus 5 Build/MRA58N) AppleWebKit/537.36 (KHTML, like Gecko) Chrome/147.0.0.0 Mobile Safari/537.36','2026-04-23 17:05:15.389641',NULL,NULL,'info','','users');
INSERT INTO "accounts_auditlog" VALUES(21,'login',145,'Admin GeoAd (Administrateur)','Connexion réussie','127.0.0.1','Mozilla/5.0 (Windows NT 10.0; Win64; x64) AppleWebKit/537.36 (KHTML, like Gecko) Chrome/147.0.0.0 Safari/537.36','2026-04-23 17:07:50.172887',NULL,NULL,'info','','users');
INSERT INTO "accounts_auditlog" VALUES(22,'update',7188,'Support object (7188)','Changement état support PAN-004: bon → bon','127.0.0.1','Mozilla/5.0 (Windows NT 10.0; Win64; x64) AppleWebKit/537.36 (KHTML, like Gecko) Chrome/147.0.0.0 Safari/537.36','2026-04-23 17:17:51.151221',NULL,NULL,'info','','inventory');
INSERT INTO "accounts_auditlog" VALUES(23,'update',7188,'Support object (7188)','Changement état support PAN-004: bon → panne','127.0.0.1','Mozilla/5.0 (Windows NT 10.0; Win64; x64) AppleWebKit/537.36 (KHTML, like Gecko) Chrome/147.0.0.0 Safari/537.36','2026-04-23 17:18:54.553558',NULL,NULL,'info','','inventory');
INSERT INTO "accounts_auditlog" VALUES(24,'update',7376,'Support object (7376)','Changement état support ECR-002: bon → maintenance','127.0.0.1','Mozilla/5.0 (Linux; Android 6.0; Nexus 5 Build/MRA58N) AppleWebKit/537.36 (KHTML, like Gecko) Chrome/147.0.0.0 Mobile Safari/537.36','2026-04-23 17:41:20.122554',NULL,NULL,'info','','inventory');
INSERT INTO "accounts_auditlog" VALUES(25,'create',7385,'Support object (7385)','Création support: ECR-230426-174735','127.0.0.1','Mozilla/5.0 (Linux; Android 6.0; Nexus 5 Build/MRA58N) AppleWebKit/537.36 (KHTML, like Gecko) Chrome/147.0.0.0 Mobile Safari/537.36','2026-04-23 17:48:26.988919',NULL,NULL,'info','','inventory');
INSERT INTO "accounts_auditlog" VALUES(26,'update',7186,'Support object (7186)','Modification support: PAN-002','127.0.0.1','Mozilla/5.0 (Windows NT 10.0; Win64; x64) AppleWebKit/537.36 (KHTML, like Gecko) Chrome/147.0.0.0 Safari/537.36','2026-04-23 17:58:09.682389',NULL,NULL,'info','','inventory');
INSERT INTO "accounts_auditlog" VALUES(27,'update',7186,'Support object (7186)','Modification support: PAN-002','127.0.0.1','Mozilla/5.0 (Windows NT 10.0; Win64; x64) AppleWebKit/537.36 (KHTML, like Gecko) Chrome/147.0.0.0 Safari/537.36','2026-04-23 17:58:25.138165',NULL,NULL,'info','','inventory');
INSERT INTO "accounts_auditlog" VALUES(28,'login',153,'Admin GeoAd (Administrateur)','Connexion réussie','127.0.0.1','Mozilla/5.0 (Windows NT 10.0; Win64; x64) AppleWebKit/537.36 (KHTML, like Gecko) Chrome/147.0.0.0 Safari/537.36','2026-04-23 18:13:17.942664',NULL,NULL,'info','','users');
INSERT INTO "accounts_auditlog" VALUES(29,'login',157,'Admin GeoAd (Administrateur)','Connexion réussie','127.0.0.1','Mozilla/5.0 (Windows NT 10.0; Win64; x64) AppleWebKit/537.36 (KHTML, like Gecko) Chrome/147.0.0.0 Safari/537.36','2026-04-23 18:14:13.690225',NULL,NULL,'info','','users');
INSERT INTO "accounts_auditlog" VALUES(30,'login',161,'Admin GeoAd (Administrateur)','Connexion réussie','127.0.0.1','Mozilla/5.0 (Windows NT 10.0; Win64; x64) AppleWebKit/537.36 (KHTML, like Gecko) Chrome/147.0.0.0 Safari/537.36','2026-04-23 18:14:44.007827',NULL,NULL,'info','','users');
INSERT INTO "accounts_auditlog" VALUES(31,'login',165,'Admin GeoAd (Administrateur)','Connexion réussie','127.0.0.1','Mozilla/5.0 (Windows NT 10.0; Win64; x64) AppleWebKit/537.36 (KHTML, like Gecko) Chrome/147.0.0.0 Safari/537.36','2026-04-23 18:18:18.186825',NULL,NULL,'info','','users');
INSERT INTO "accounts_auditlog" VALUES(32,'login',169,'Admin GeoAd (Administrateur)','Connexion réussie','127.0.0.1','Mozilla/5.0 (Windows NT 10.0; Win64; x64) AppleWebKit/537.36 (KHTML, like Gecko) Chrome/147.0.0.0 Safari/537.36','2026-04-23 18:25:49.892573',NULL,NULL,'info','','users');
INSERT INTO "accounts_auditlog" VALUES(33,'create',8586,'Support object (8586)','Création support: ECR-230426-184454','127.0.0.1','Mozilla/5.0 (Windows NT 10.0; Win64; x64) AppleWebKit/537.36 (KHTML, like Gecko) Chrome/147.0.0.0 Safari/537.36','2026-04-23 18:45:12.570979',NULL,NULL,'info','','inventory');
INSERT INTO "accounts_auditlog" VALUES(34,'create',8587,'Support object (8587)','Création support: ECR-260427-6413','127.0.0.1','Mozilla/5.0 (Windows NT 10.0; Win64; x64) AppleWebKit/537.36 (KHTML, like Gecko) Chrome/147.0.0.0 Safari/537.36','2026-04-27 10:36:17.755606',NULL,NULL,'info','','inventory');
INSERT INTO "accounts_auditlog" VALUES(35,'create',8588,'Support object (8588)','Création support: ECR-270426-113050','127.0.0.1','Mozilla/5.0 (Linux; Android 6.0; Nexus 5 Build/MRA58N) AppleWebKit/537.36 (KHTML, like Gecko) Chrome/147.0.0.0 Mobile Safari/537.36','2026-04-27 11:31:03.687699',NULL,NULL,'info','','inventory');
INSERT INTO "accounts_auditlog" VALUES(36,'update',8386,'Support object (8386)','Changement état support PAN-001: bon → bon','127.0.0.1','Mozilla/5.0 (Windows NT 10.0; Win64; x64) AppleWebKit/537.36 (KHTML, like Gecko) Chrome/147.0.0.0 Safari/537.36','2026-04-27 12:33:25.683488',NULL,NULL,'info','','inventory');
INSERT INTO "accounts_auditlog" VALUES(37,'update',404,'Air Burkina — Contrat Mensuel (03/04/2026 → 02/05/2026)','Modification contrat: Air Burkina — Contrat Mensuel (03/04/2026 → 02/05/2026)','127.0.0.1','Mozilla/5.0 (Linux; Android 6.0; Nexus 5 Build/MRA58N) AppleWebKit/537.36 (KHTML, like Gecko) Chrome/147.0.0.0 Mobile Safari/537.36','2026-04-27 13:12:37.298163',NULL,NULL,'info','','commercial');
INSERT INTO "accounts_auditlog" VALUES(38,'update',404,'Air Burkina','Modification client: Air Burkina','127.0.0.1','Mozilla/5.0 (Linux; Android 6.0; Nexus 5 Build/MRA58N) AppleWebKit/537.36 (KHTML, like Gecko) Chrome/147.0.0.0 Mobile Safari/537.36','2026-04-27 13:12:57.948659',NULL,NULL,'info','','commercial');
INSERT INTO "accounts_auditlog" VALUES(39,'update',403,'Coris Bank — Contrat Annuel (22/02/2026 → 25/02/2027)','Modification contrat: Coris Bank — Contrat Annuel (22/02/2026 → 25/02/2027)','127.0.0.1','Mozilla/5.0 (Linux; Android 6.0; Nexus 5 Build/MRA58N) AppleWebKit/537.36 (KHTML, like Gecko) Chrome/147.0.0.0 Mobile Safari/537.36','2026-04-27 13:14:30.915875',NULL,NULL,'info','','commercial');
INSERT INTO "accounts_auditlog" VALUES(40,'update',2350,'Lancement Nouvelle Gamme #47 — Léopard Transports','Modification campagne: Lancement Nouvelle Gamme #47','127.0.0.1','Mozilla/5.0 (Linux; Android 6.0; Nexus 5 Build/MRA58N) AppleWebKit/537.36 (KHTML, like Gecko) Chrome/147.0.0.0 Mobile Safari/537.36','2026-04-27 13:52:23.620666',NULL,NULL,'info','','campaign');
INSERT INTO "accounts_auditlog" VALUES(41,'update',2350,'Lancement Nouvelle Gamme #47 — Léopard Transports','Modification campagne: Lancement Nouvelle Gamme #47','127.0.0.1','Mozilla/5.0 (Linux; Android 6.0; Nexus 5 Build/MRA58N) AppleWebKit/537.36 (KHTML, like Gecko) Chrome/147.0.0.0 Mobile Safari/537.36','2026-04-27 14:03:05.704703',NULL,NULL,'info','','campaign');
INSERT INTO "accounts_auditlog" VALUES(42,'update',2324,'Affichage Institutionnel #21 — Air Burkina','Modification campagne: Affichage Institutionnel #21','127.0.0.1','Mozilla/5.0 (Linux; Android 6.0; Nexus 5 Build/MRA58N) AppleWebKit/537.36 (KHTML, like Gecko) Chrome/147.0.0.0 Mobile Safari/537.36','2026-04-27 14:36:38.639320',NULL,NULL,'info','','campaign');
INSERT INTO "accounts_auditlog" VALUES(43,'create',2364,'Ibrahim Sawadogo — Air Burkina','Création campagne: Ibrahim Sawadogo','127.0.0.1','Mozilla/5.0 (Linux; Android 6.0; Nexus 5 Build/MRA58N) AppleWebKit/537.36 (KHTML, like Gecko) Chrome/147.0.0.0 Mobile Safari/537.36','2026-04-27 14:40:55.466450',NULL,NULL,'info','','campaign');
INSERT INTO "accounts_auditlog" VALUES(44,'update',2364,'Ibrahim Sawadogo — Air Burkina','Modification campagne: Ibrahim Sawadogo','127.0.0.1','Mozilla/5.0 (Linux; Android 6.0; Nexus 5 Build/MRA58N) AppleWebKit/537.36 (KHTML, like Gecko) Chrome/147.0.0.0 Mobile Safari/537.36','2026-04-27 14:53:02.887151',NULL,NULL,'info','','campaign');
INSERT INTO "accounts_auditlog" VALUES(45,'create',411,'Air Burkina — Contrat Annuel (30/03/2026 → 26/04/2026)','Création contrat pour Air Burkina','127.0.0.1','Mozilla/5.0 (Linux; Android 6.0; Nexus 5 Build/MRA58N) AppleWebKit/537.36 (KHTML, like Gecko) Chrome/147.0.0.0 Mobile Safari/537.36','2026-04-27 15:01:08.684038',NULL,NULL,'info','','commercial');
INSERT INTO "accounts_auditlog" VALUES(46,'update',2362,'Campagne Vidéo #59 — Brakina SA','Modification campagne: Campagne Vidéo #59','127.0.0.1','Mozilla/5.0 (Linux; Android 6.0; Nexus 5 Build/MRA58N) AppleWebKit/537.36 (KHTML, like Gecko) Chrome/147.0.0.0 Mobile Safari/537.36','2026-04-27 15:59:50.501617',NULL,NULL,'info','','campaign');
INSERT INTO "accounts_auditlog" VALUES(47,'update',2339,'Campagne Vidéo #36 — Brakina SA','Modification campagne: Campagne Vidéo #36','127.0.0.1','Mozilla/5.0 (Windows NT 10.0; Win64; x64) AppleWebKit/537.36 (KHTML, like Gecko) Chrome/147.0.0.0 Safari/537.36','2026-04-27 16:07:37.370555',NULL,NULL,'info','','campaign');
INSERT INTO "accounts_auditlog" VALUES(48,'update',2339,'Campagne Vidéo #36 — Brakina SA','Modification campagne: Campagne Vidéo #36','127.0.0.1','Mozilla/5.0 (Windows NT 10.0; Win64; x64) AppleWebKit/537.36 (KHTML, like Gecko) Chrome/147.0.0.0 Safari/537.36','2026-04-27 16:27:34.958266',NULL,NULL,'info','','campaign');
INSERT INTO "accounts_auditlog" VALUES(49,'update',2339,'Campagne Vidéo #36 — Brakina SA','Modification campagne: Campagne Vidéo #36','127.0.0.1','Mozilla/5.0 (Windows NT 10.0; Win64; x64) AppleWebKit/537.36 (KHTML, like Gecko) Chrome/147.0.0.0 Safari/537.36','2026-04-27 16:28:15.573493',NULL,NULL,'info','','campaign');
INSERT INTO "accounts_auditlog" VALUES(50,'update',2319,'Spot Promotionnel #16 — Orange Burkina','Modification campagne: Spot Promotionnel #16','127.0.0.1','Mozilla/5.0 (Windows NT 10.0; Win64; x64) AppleWebKit/537.36 (KHTML, like Gecko) Chrome/147.0.0.0 Safari/537.36','2026-04-27 16:42:17.281530',NULL,NULL,'info','','campaign');
INSERT INTO "accounts_auditlog" VALUES(51,'update',2347,'Spot Dynamique #44 — Coris Bank','Modification campagne: Spot Dynamique #44','127.0.0.1','Mozilla/5.0 (Windows NT 10.0; Win64; x64) AppleWebKit/537.36 (KHTML, like Gecko) Chrome/147.0.0.0 Safari/537.36','2026-04-27 17:13:40.589248',NULL,NULL,'info','','campaign');
INSERT INTO "accounts_auditlog" VALUES(52,'update',403,'Coris Bank — Contrat Annuel (22/02/2026 → 25/02/2027)','Modification contrat: Coris Bank — Contrat Annuel (22/02/2026 → 25/02/2027)','127.0.0.1','Mozilla/5.0 (Windows NT 10.0; Win64; x64) AppleWebKit/537.36 (KHTML, like Gecko) Chrome/147.0.0.0 Safari/537.36','2026-04-29 16:48:33.011275',NULL,NULL,'info','','commercial');
INSERT INTO "accounts_auditlog" VALUES(53,'update',2347,'Spot Dynamique #44 — Coris Bank','Modification campagne: Spot Dynamique #44','127.0.0.1','Mozilla/5.0 (Windows NT 10.0; Win64; x64) AppleWebKit/537.36 (KHTML, like Gecko) Chrome/147.0.0.0 Safari/537.36','2026-04-29 16:50:45.530408',NULL,NULL,'info','','campaign');
INSERT INTO "accounts_auditlog" VALUES(54,'update',2362,'Campagne Vidéo #59 — Brakina SA','Modification campagne: Campagne Vidéo #59','127.0.0.1','Mozilla/5.0 (Windows NT 10.0; Win64; x64) AppleWebKit/537.36 (KHTML, like Gecko) Chrome/147.0.0.0 Safari/537.36','2026-04-29 17:29:01.853654',NULL,NULL,'info','','campaign');
INSERT INTO "accounts_auditlog" VALUES(55,'create',412,'Brakina SA — Contrat Mensuel (01/04/2026 → 22/04/2026)','Création contrat pour Brakina SA','127.0.0.1','Mozilla/5.0 (Windows NT 10.0; Win64; x64) AppleWebKit/537.36 (KHTML, like Gecko) Chrome/147.0.0.0 Safari/537.36','2026-04-29 17:42:46.468157',NULL,NULL,'info','','commercial');
INSERT INTO "accounts_auditlog" VALUES(56,'update',412,'Brakina SA — Contrat Mensuel (01/04/2026 → 22/04/2026)','Modification contrat: Brakina SA — Contrat Mensuel (01/04/2026 → 22/04/2026)','127.0.0.1','Mozilla/5.0 (Windows NT 10.0; Win64; x64) AppleWebKit/537.36 (KHTML, like Gecko) Chrome/147.0.0.0 Safari/537.36','2026-04-29 17:42:57.497378',NULL,NULL,'info','','commercial');
INSERT INTO "accounts_auditlog" VALUES(57,'update',412,'Brakina SA — Contrat Mensuel (01/04/2026 → 22/04/2026)','Modification contrat: Brakina SA — Contrat Mensuel (01/04/2026 → 22/04/2026)','127.0.0.1','Mozilla/5.0 (Windows NT 10.0; Win64; x64) AppleWebKit/537.36 (KHTML, like Gecko) Chrome/147.0.0.0 Safari/537.36','2026-04-29 17:43:02.376945',NULL,NULL,'info','','commercial');
INSERT INTO "accounts_auditlog" VALUES(58,'update',412,'Brakina SA — Contrat Mensuel (01/04/2026 → 22/04/2026)','Modification contrat: Brakina SA — Contrat Mensuel (01/04/2026 → 22/04/2026)','127.0.0.1','Mozilla/5.0 (Windows NT 10.0; Win64; x64) AppleWebKit/537.36 (KHTML, like Gecko) Chrome/147.0.0.0 Safari/537.36','2026-04-29 17:46:42.588468',NULL,NULL,'info','','commercial');
INSERT INTO "accounts_auditlog" VALUES(59,'update',401,'Brakina SA — Contrat Annuel (22/02/2026 → 22/02/2027)','Modification contrat: Brakina SA — Contrat Annuel (22/02/2026 → 22/02/2027)','127.0.0.1','Mozilla/5.0 (Windows NT 10.0; Win64; x64) AppleWebKit/537.36 (KHTML, like Gecko) Chrome/147.0.0.0 Safari/537.36','2026-04-29 17:58:56.392958',NULL,NULL,'info','','commercial');
INSERT INTO "accounts_auditlog" VALUES(60,'update',2348,'Campagne Multi-Supports #45 — Société Générale','Modification campagne: Campagne Multi-Supports #45','127.0.0.1','Mozilla/5.0 (Windows NT 10.0; Win64; x64) AppleWebKit/537.36 (KHTML, like Gecko) Chrome/147.0.0.0 Safari/537.36','2026-04-29 18:16:50.409336',NULL,NULL,'info','','campaign');
INSERT INTO "accounts_auditlog" VALUES(61,'update',2348,'Campagne Multi-Supports #45 — Société Générale','Modification campagne: Campagne Multi-Supports #45','127.0.0.1','Mozilla/5.0 (Windows NT 10.0; Win64; x64) AppleWebKit/537.36 (KHTML, like Gecko) Chrome/147.0.0.0 Safari/537.36','2026-04-29 18:18:26.926841',NULL,NULL,'info','','campaign');
INSERT INTO "accounts_auditlog" VALUES(62,'update',2348,'Campagne Multi-Supports #45 — Société Générale','Modification campagne: Campagne Multi-Supports #45','127.0.0.1','Mozilla/5.0 (Windows NT 10.0; Win64; x64) AppleWebKit/537.36 (KHTML, like Gecko) Chrome/147.0.0.0 Safari/537.36','2026-04-29 18:18:46.743349',NULL,NULL,'info','','campaign');
INSERT INTO "accounts_auditlog" VALUES(63,'update',2362,'Campagne Vidéo #59 — Brakina SA','Modification campagne: Campagne Vidéo #59','127.0.0.1','Mozilla/5.0 (Windows NT 10.0; Win64; x64) AppleWebKit/537.36 (KHTML, like Gecko) Chrome/147.0.0.0 Safari/537.36','2026-04-29 18:19:29.139880',NULL,NULL,'info','','campaign');
INSERT INTO "accounts_auditlog" VALUES(64,'create',411,'ksd','Création client: ksd','127.0.0.1','Mozilla/5.0 (Windows NT 10.0; Win64; x64) AppleWebKit/537.36 (KHTML, like Gecko) Chrome/147.0.0.0 Safari/537.36','2026-04-29 18:24:24.843161',NULL,NULL,'info','','commercial');
INSERT INTO "accounts_auditlog" VALUES(65,'create',413,'ksd — Contrat Annuel (01/01/2026 → 31/12/2026)','Création contrat pour ksd','127.0.0.1','Mozilla/5.0 (Windows NT 10.0; Win64; x64) AppleWebKit/537.36 (KHTML, like Gecko) Chrome/147.0.0.0 Safari/537.36','2026-04-29 18:27:37.808043',NULL,NULL,'info','','commercial');
INSERT INTO "accounts_auditlog" VALUES(66,'login',177,'Admin GeoAd (Administrateur)','Connexion réussie','127.0.0.1','Mozilla/5.0 (Windows NT 10.0; Win64; x64) AppleWebKit/537.36 (KHTML, like Gecko) Chrome/147.0.0.0 Safari/537.36','2026-04-29 18:53:07.586818',NULL,NULL,'info','','users');
INSERT INTO "accounts_auditlog" VALUES(67,'login',185,'Admin GeoAd (Administrateur)','Connexion réussie','127.0.0.1','Mozilla/5.0 (Windows NT 10.0; Win64; x64) AppleWebKit/537.36 (KHTML, like Gecko) Chrome/147.0.0.0 Safari/537.36','2026-04-29 19:00:55.461053',185,NULL,'info','','users');
INSERT INTO "accounts_auditlog" VALUES(68,'create',452,'KSD','Création client: KSD','127.0.0.1','Mozilla/5.0 (Windows NT 10.0; Win64; x64) AppleWebKit/537.36 (KHTML, like Gecko) Chrome/147.0.0.0 Safari/537.36','2026-04-29 19:15:35.962111',185,NULL,'info','','commercial');
INSERT INTO "accounts_auditlog" VALUES(69,'create',454,'KSD — Contrat Annuel (01/01/2026 → 31/12/2026)','Création contrat pour KSD','127.0.0.1','Mozilla/5.0 (Windows NT 10.0; Win64; x64) AppleWebKit/537.36 (KHTML, like Gecko) Chrome/147.0.0.0 Safari/537.36','2026-04-29 19:16:57.412899',185,NULL,'info','','commercial');
INSERT INTO "accounts_auditlog" VALUES(70,'update',2574,'Affichage Institutionnel #30 — MTN Burkina Faso','Modification campagne: Affichage Institutionnel #30','127.0.0.1','Mozilla/5.0 (Windows NT 10.0; Win64; x64) AppleWebKit/537.36 (KHTML, like Gecko) Chrome/147.0.0.0 Safari/537.36','2026-04-30 11:40:35.049349',185,NULL,'info','','campaign');
INSERT INTO "accounts_auditlog" VALUES(71,'update',2585,'Animation Commerciale #41 — Léopard Transports','Modification campagne: Animation Commerciale #41','127.0.0.1','Mozilla/5.0 (Windows NT 10.0; Win64; x64) AppleWebKit/537.36 (KHTML, like Gecko) Chrome/147.0.0.0 Safari/537.36','2026-05-05 14:47:01.531562',185,NULL,'info','','campaign');
INSERT INTO "accounts_auditlog" VALUES(72,'update',2585,'Animation Commerciale #41 — Léopard Transports','Modification campagne: Animation Commerciale #41','127.0.0.1','Mozilla/5.0 (Windows NT 10.0; Win64; x64) AppleWebKit/537.36 (KHTML, like Gecko) Chrome/147.0.0.0 Safari/537.36','2026-05-05 14:55:46.990733',185,NULL,'info','','campaign');
INSERT INTO "accounts_auditlog" VALUES(73,'update',2585,'Animation Commerciale #41 — Léopard Transports','Modification campagne: Animation Commerciale #41','127.0.0.1','Mozilla/5.0 (Windows NT 10.0; Win64; x64) AppleWebKit/537.36 (KHTML, like Gecko) Chrome/147.0.0.0 Safari/537.36','2026-05-05 15:42:55.376707',185,NULL,'info','','campaign');
INSERT INTO "accounts_auditlog" VALUES(74,'update',2589,'Campagne Vidéo #45 — Orange Burkina','Modification campagne: Campagne Vidéo #45','127.0.0.1','Mozilla/5.0 (Windows NT 10.0; Win64; x64) AppleWebKit/537.36 (KHTML, like Gecko) Chrome/147.0.0.0 Safari/537.36','2026-05-05 16:24:05.082975',185,NULL,'info','','campaign');
INSERT INTO "accounts_auditlog" VALUES(75,'login',185,'Admin GeoAd (Administrateur)','Connexion réussie','192.168.2.100','Mozilla/5.0 (Windows NT 10.0; Win64; x64) AppleWebKit/537.36 (KHTML, like Gecko) Chrome/147.0.0.0 Safari/537.36','2026-05-06 07:41:30.056585',185,NULL,'info','','users');
INSERT INTO "accounts_auditlog" VALUES(76,'create',2605,'Campagne XXL — KSD','Création campagne: Campagne XXL','127.0.0.1','Mozilla/5.0 (Windows NT 10.0; Win64; x64) AppleWebKit/537.36 (KHTML, like Gecko) Chrome/147.0.0.0 Safari/537.36','2026-05-07 20:15:23.704576',185,NULL,'info','','campaign');
INSERT INTO "accounts_auditlog" VALUES(77,'create',2606,'Campagne XXL — KSD','Création campagne: Campagne XXL','192.168.2.100','Mozilla/5.0 (Windows NT 10.0; Win64; x64) AppleWebKit/537.36 (KHTML, like Gecko) Chrome/147.0.0.0 Safari/537.36','2026-05-07 20:45:28.820809',185,NULL,'info','','campaign');
INSERT INTO "accounts_auditlog" VALUES(78,'create',2607,'Campagne World Cola - Youki - Lafi - Youzou - Imperial Tonic — KSD','Création campagne: Campagne World Cola - Youki - Lafi - Youzou - Imperial Tonic','192.168.2.100','Mozilla/5.0 (Windows NT 10.0; Win64; x64) AppleWebKit/537.36 (KHTML, like Gecko) Chrome/147.0.0.0 Safari/537.36','2026-05-07 21:00:37.211819',185,NULL,'info','','campaign');
INSERT INTO "accounts_auditlog" VALUES(79,'delete',NULL,'','Suppression campagne: Campagne XXL','192.168.2.100','Mozilla/5.0 (Windows NT 10.0; Win64; x64) AppleWebKit/537.36 (KHTML, like Gecko) Chrome/147.0.0.0 Safari/537.36','2026-05-07 21:05:33.224001',185,NULL,'info','','campaign');
INSERT INTO "accounts_auditlog" VALUES(80,'create',2608,'Ibrahim Sawadogo — KSD','Création campagne: Ibrahim Sawadogo','127.0.0.1','Mozilla/5.0 (Windows NT 10.0; Win64; x64) AppleWebKit/537.36 (KHTML, like Gecko) Chrome/147.0.0.0 Safari/537.36','2026-05-08 10:05:32.732322',185,NULL,'info','','campaign');
INSERT INTO "accounts_auditlog" VALUES(81,'update',2608,'Ibrahim Sawadogo — KSD','Modification campagne: Ibrahim Sawadogo','127.0.0.1','Mozilla/5.0 (Windows NT 10.0; Win64; x64) AppleWebKit/537.36 (KHTML, like Gecko) Chrome/147.0.0.0 Safari/537.36','2026-05-08 10:10:57.720205',185,NULL,'info','','campaign');
INSERT INTO "accounts_auditlog" VALUES(82,'create',2609,'Campagne LED DU 15 MAI — KSD','Création campagne: Campagne LED DU 15 MAI','127.0.0.1','Mozilla/5.0 (Linux; Android 6.0; Nexus 5 Build/MRA58N) AppleWebKit/537.36 (KHTML, like Gecko) Chrome/147.0.0.0 Mobile Safari/537.36','2026-05-08 11:43:20.945809',185,NULL,'info','','campaign');
INSERT INTO "accounts_auditlog" VALUES(83,'create',2610,'Campagne ISO Qualité Ouaga — KSD','Création campagne: Campagne ISO Qualité Ouaga','127.0.0.1','Mozilla/5.0 (Linux; Android 6.0; Nexus 5 Build/MRA58N) AppleWebKit/537.36 (KHTML, like Gecko) Chrome/147.0.0.0 Mobile Safari/537.36','2026-05-08 11:49:58.626626',185,NULL,'info','','campaign');
INSERT INTO "accounts_auditlog" VALUES(84,'update',2610,'Campagne ISO Qualité Ouaga — KSD','Modification campagne: Campagne ISO Qualité Ouaga','127.0.0.1','Mozilla/5.0 (Windows NT 10.0; Win64; x64) AppleWebKit/537.36 (KHTML, like Gecko) Chrome/147.0.0.0 Safari/537.36','2026-05-08 11:50:49.081822',185,NULL,'info','','campaign');
INSERT INTO "accounts_auditlog" VALUES(85,'update',2610,'Campagne ISO Qualité Ouaga — KSD','Modification campagne: Campagne ISO Qualité Ouaga','127.0.0.1','Mozilla/5.0 (Windows NT 10.0; Win64; x64) AppleWebKit/537.36 (KHTML, like Gecko) Chrome/147.0.0.0 Safari/537.36','2026-05-08 11:56:53.833768',185,NULL,'info','','campaign');
INSERT INTO "accounts_auditlog" VALUES(86,'update',9434,'ECR-008 — Blvd Thomas Sankara - Alimentation La Surface','Changement état support ECR-008: panne → bon','127.0.0.1','Mozilla/5.0 (Windows NT 10.0; Win64; x64) AppleWebKit/537.36 (KHTML, like Gecko) Chrome/147.0.0.0 Safari/537.36','2026-05-08 18:01:27.576157',185,NULL,'info','','inventory');
INSERT INTO "accounts_auditlog" VALUES(87,'login',185,'Admin GeoAd (Administrateur)','Connexion réussie','127.0.0.1','Mozilla/5.0 (Windows NT 10.0; Win64; x64) AppleWebKit/537.36 (KHTML, like Gecko) Code/1.119.0 Chrome/142.0.7444.265 Electron/39.8.8 Safari/537.36','2026-05-08 19:16:55.803194',185,NULL,'info','','users');
INSERT INTO "accounts_auditlog" VALUES(88,'create',9485,'PAN-080526-194442 — Ibrahim Sawadogo (4m × 5m (20m²) — Standard)','Création support: PAN-080526-194442','127.0.0.1','Mozilla/5.0 (Linux; Android 6.0; Nexus 5 Build/MRA58N) AppleWebKit/537.36 (KHTML, like Gecko) Chrome/147.0.0.0 Mobile Safari/537.36','2026-05-08 19:47:56.604237',185,NULL,'info','','inventory');
INSERT INTO "accounts_auditlog" VALUES(89,'update',2591,'Affichage Institutionnel #47 — Air Burkina','Modification campagne: Affichage Institutionnel #47','127.0.0.1','Mozilla/5.0 (Windows NT 10.0; Win64; x64) AppleWebKit/537.36 (KHTML, like Gecko) Chrome/147.0.0.0 Safari/537.36','2026-05-09 11:20:38.052825',185,NULL,'info','','campaign');
INSERT INTO "accounts_auditlog" VALUES(90,'create',2611,'test panneau — KSD','Création campagne: test panneau','127.0.0.1','Mozilla/5.0 (Windows NT 10.0; Win64; x64) AppleWebKit/537.36 (KHTML, like Gecko) Chrome/147.0.0.0 Safari/537.36','2026-05-09 15:46:06.272361',185,NULL,'info','','campaign');
INSERT INTO "accounts_auditlog" VALUES(91,'campaign',2611,'test panneau — KSD','Ajout panneau BOB-001 face A','127.0.0.1','Mozilla/5.0 (Windows NT 10.0; Win64; x64) AppleWebKit/537.36 (KHTML, like Gecko) Chrome/147.0.0.0 Safari/537.36','2026-05-09 15:46:33.612987',185,NULL,'info','','campaign');
INSERT INTO "accounts_auditlog" VALUES(92,'campaign',2611,'test panneau — KSD','Ajout panneau BOB-001 face B','127.0.0.1','Mozilla/5.0 (Windows NT 10.0; Win64; x64) AppleWebKit/537.36 (KHTML, like Gecko) Chrome/147.0.0.0 Safari/537.36','2026-05-09 15:46:33.637905',185,NULL,'info','','campaign');
INSERT INTO "accounts_auditlog" VALUES(93,'campaign',2611,'test panneau — KSD','Ajout panneau BOB-003 face B','127.0.0.1','Mozilla/5.0 (Windows NT 10.0; Win64; x64) AppleWebKit/537.36 (KHTML, like Gecko) Chrome/147.0.0.0 Safari/537.36','2026-05-09 15:46:33.657850',185,NULL,'info','','campaign');
INSERT INTO "accounts_auditlog" VALUES(94,'campaign',2611,'test panneau — KSD','Ajout panneau BOB-004 face A','127.0.0.1','Mozilla/5.0 (Windows NT 10.0; Win64; x64) AppleWebKit/537.36 (KHTML, like Gecko) Chrome/147.0.0.0 Safari/537.36','2026-05-09 15:46:33.677805',185,NULL,'info','','campaign');
INSERT INTO "accounts_auditlog" VALUES(95,'campaign',2611,'test panneau — KSD','Ajout panneau BOB-005 face A','127.0.0.1','Mozilla/5.0 (Windows NT 10.0; Win64; x64) AppleWebKit/537.36 (KHTML, like Gecko) Chrome/147.0.0.0 Safari/537.36','2026-05-09 15:46:33.702821',185,NULL,'info','','campaign');
INSERT INTO "accounts_auditlog" VALUES(96,'campaign',2611,'test panneau — KSD','Ajout panneau BOB-005 face B','127.0.0.1','Mozilla/5.0 (Windows NT 10.0; Win64; x64) AppleWebKit/537.36 (KHTML, like Gecko) Chrome/147.0.0.0 Safari/537.36','2026-05-09 15:46:33.721104',185,NULL,'info','','campaign');
INSERT INTO "accounts_auditlog" VALUES(97,'login',185,'Admin GeoAd (Administrateur)','Connexion réussie','192.168.2.105','Mozilla/5.0 (Linux; Android 10; K) AppleWebKit/537.36 (KHTML, like Gecko) Chrome/147.0.0.0 Mobile Safari/537.36','2026-05-09 19:17:10.403718',185,NULL,'info','','users');
INSERT INTO "accounts_auditlog" VALUES(98,'create',2612,'Campagne LED à Ouaga pour la fête de l''Ascension. — KSD','Création campagne: Campagne LED à Ouaga pour la fête de l''Ascension.','127.0.0.1','Mozilla/5.0 (Linux; Android 6.0; Nexus 5 Build/MRA58N) AppleWebKit/537.36 (KHTML, like Gecko) Chrome/147.0.0.0 Mobile Safari/537.36','2026-05-11 17:11:13.887769',185,NULL,'info','','campaign');
INSERT INTO "accounts_auditlog" VALUES(99,'update',2612,'Campagne LED à Ouaga pour la fête de l''Ascension. — KSD','Modification campagne: Campagne LED à Ouaga pour la fête de l''Ascension.','127.0.0.1','Mozilla/5.0 (Linux; Android 6.0; Nexus 5 Build/MRA58N) AppleWebKit/537.36 (KHTML, like Gecko) Chrome/147.0.0.0 Mobile Safari/537.36','2026-05-11 17:14:06.016029',185,NULL,'info','','campaign');
INSERT INTO "accounts_auditlog" VALUES(100,'login',185,'Admin GeoAd (Administrateur)','Connexion réussie','192.168.2.125','Mozilla/5.0 (Windows NT 10.0; Win64; x64) AppleWebKit/537.36 (KHTML, like Gecko) Chrome/148.0.0.0 Safari/537.36','2026-05-12 16:38:29.694322',185,NULL,'info','','users');
INSERT INTO "accounts_auditlog" VALUES(101,'logout',NULL,'','Déconnexion','192.168.2.125','Mozilla/5.0 (Linux; Android 6.0; Nexus 5 Build/MRA58N) AppleWebKit/537.36 (KHTML, like Gecko) Chrome/148.0.0.0 Mobile Safari/537.36','2026-05-12 16:46:15.649302',185,NULL,'info','','users');
INSERT INTO "accounts_auditlog" VALUES(102,'login',185,'Admin GeoAd (Administrateur)','Connexion réussie','192.168.2.125','Mozilla/5.0 (Linux; Android 6.0; Nexus 5 Build/MRA58N) AppleWebKit/537.36 (KHTML, like Gecko) Chrome/148.0.0.0 Mobile Safari/537.36','2026-05-12 16:46:38.415866',185,NULL,'info','','users');
INSERT INTO "accounts_auditlog" VALUES(103,'create',2613,'Campagne LED YOUKIF. — KSD','Création campagne: Campagne LED YOUKIF.','192.168.2.100','Mozilla/5.0 (Windows NT 10.0; Win64; x64) AppleWebKit/537.36 (KHTML, like Gecko) Chrome/148.0.0.0 Safari/537.36','2026-05-13 14:01:37.352613',185,NULL,'info','','campaign');
INSERT INTO "accounts_auditlog" VALUES(104,'update',2613,'Campagne LED YOUKIF. — KSD','Modification campagne: Campagne LED YOUKIF.','192.168.2.100','Mozilla/5.0 (Windows NT 10.0; Win64; x64) AppleWebKit/537.36 (KHTML, like Gecko) Chrome/148.0.0.0 Safari/537.36','2026-05-13 14:02:07.148798',185,NULL,'info','','campaign');
INSERT INTO "accounts_auditlog" VALUES(105,'update',2613,'Campagne LED YOUKIF. — KSD','Modification campagne: Campagne LED YOUKIF.','192.168.2.100','Mozilla/5.0 (Windows NT 10.0; Win64; x64) AppleWebKit/537.36 (KHTML, like Gecko) Chrome/148.0.0.0 Safari/537.36','2026-05-13 14:04:47.305768',185,NULL,'info','','campaign');
INSERT INTO "accounts_auditlog" VALUES(106,'update',2613,'Campagne LED YOUKIF. — KSD','Modification campagne: Campagne LED YOUKIF.','192.168.2.100','Mozilla/5.0 (Windows NT 10.0; Win64; x64) AppleWebKit/537.36 (KHTML, like Gecko) Chrome/148.0.0.0 Safari/537.36','2026-05-13 14:06:31.543057',185,NULL,'info','','campaign');
INSERT INTO "accounts_auditlog" VALUES(107,'update',2613,'Campagne LED YOUKIF. — KSD','Modification campagne: Campagne LED YOUKIF.','192.168.2.100','Mozilla/5.0 (Windows NT 10.0; Win64; x64) AppleWebKit/537.36 (KHTML, like Gecko) Chrome/148.0.0.0 Safari/537.36','2026-05-13 14:06:46.655132',185,NULL,'info','','campaign');
INSERT INTO "accounts_auditlog" VALUES(108,'update',9436,'ECR-010 — ZACA — Avenue de l''Indépendance','Changement état support ECR-010: bon → panne','192.168.2.100','Mozilla/5.0 (Windows NT 10.0; Win64; x64) AppleWebKit/537.36 (KHTML, like Gecko) Chrome/148.0.0.0 Safari/537.36','2026-05-13 15:07:30.875259',185,NULL,'info','','inventory');
INSERT INTO "accounts_auditlog" VALUES(109,'update',9435,'ECR-009 — Carrefour Patte d''Oie — Av Babanguida','Changement état support ECR-009: bon → panne','192.168.2.100','Mozilla/5.0 (Windows NT 10.0; Win64; x64) AppleWebKit/537.36 (KHTML, like Gecko) Chrome/148.0.0.0 Safari/537.36','2026-05-13 17:24:33.185293',185,NULL,'info','','inventory');
INSERT INTO "accounts_auditlog" VALUES(110,'create',2614,'Campagne ISO - Qualite — KSD','Création campagne: Campagne ISO - Qualite','192.168.2.100','Mozilla/5.0 (Windows NT 10.0; Win64; x64) AppleWebKit/537.36 (KHTML, like Gecko) Chrome/148.0.0.0 Safari/537.36','2026-05-13 17:46:17.313364',185,NULL,'info','','campaign');
INSERT INTO "accounts_auditlog" VALUES(111,'update',2614,'Campagne ISO - Qualite — KSD','Modification campagne: Campagne ISO - Qualite','192.168.2.100','Mozilla/5.0 (Windows NT 10.0; Win64; x64) AppleWebKit/537.36 (KHTML, like Gecko) Chrome/148.0.0.0 Safari/537.36','2026-05-13 17:47:06.229970',185,NULL,'info','','campaign');
INSERT INTO "accounts_auditlog" VALUES(112,'update',2614,'Campagne ISO - Qualite — KSD','Modification campagne: Campagne ISO - Qualite','192.168.2.100','Mozilla/5.0 (Windows NT 10.0; Win64; x64) AppleWebKit/537.36 (KHTML, like Gecko) Chrome/148.0.0.0 Safari/537.36','2026-05-13 17:47:44.722852',185,NULL,'info','','campaign');
INSERT INTO "accounts_auditlog" VALUES(113,'create',2615,'Campagne Ramadan — KSD','Création campagne: Campagne Ramadan','192.168.2.100','Mozilla/5.0 (Windows NT 10.0; Win64; x64) AppleWebKit/537.36 (KHTML, like Gecko) Chrome/148.0.0.0 Safari/537.36','2026-05-13 17:50:46.177784',185,NULL,'info','','campaign');
INSERT INTO "accounts_auditlog" VALUES(114,'update',2615,'Campagne Ramadan — KSD','Modification campagne: Campagne Ramadan','192.168.2.100','Mozilla/5.0 (Windows NT 10.0; Win64; x64) AppleWebKit/537.36 (KHTML, like Gecko) Chrome/148.0.0.0 Safari/537.36','2026-05-13 17:51:19.332570',185,NULL,'info','','campaign');
INSERT INTO "accounts_auditlog" VALUES(115,'delete',NULL,'','Suppression campagne: Campagne World Cola - Youki - Lafi - Youzou - Imperial Tonic','192.168.2.100','Mozilla/5.0 (Windows NT 10.0; Win64; x64) AppleWebKit/537.36 (KHTML, like Gecko) Chrome/148.0.0.0 Safari/537.36','2026-05-13 18:01:35.604548',185,NULL,'critical','','campaign');
INSERT INTO "accounts_auditlog" VALUES(116,'delete',NULL,'','Suppression campagne: test panneau','192.168.2.100','Mozilla/5.0 (Windows NT 10.0; Win64; x64) AppleWebKit/537.36 (KHTML, like Gecko) Chrome/148.0.0.0 Safari/537.36','2026-05-13 18:01:58.835050',185,NULL,'critical','','campaign');
INSERT INTO "accounts_auditlog" VALUES(117,'delete',NULL,'','Suppression campagne: Ibrahim Sawadogo','192.168.2.100','Mozilla/5.0 (Windows NT 10.0; Win64; x64) AppleWebKit/537.36 (KHTML, like Gecko) Chrome/148.0.0.0 Safari/537.36','2026-05-13 18:02:23.510548',185,NULL,'critical','','campaign');
INSERT INTO "accounts_auditlog" VALUES(118,'create',2616,'CAMPAGNE YOUKI - WORLD COLA — KSD','Création campagne: CAMPAGNE YOUKI - WORLD COLA','192.168.2.100','Mozilla/5.0 (Windows NT 10.0; Win64; x64) AppleWebKit/537.36 (KHTML, like Gecko) Chrome/148.0.0.0 Safari/537.36','2026-05-13 18:04:05.845391',185,NULL,'info','','campaign');
INSERT INTO "accounts_auditlog" VALUES(119,'update',2616,'CAMPAGNE YOUKI - WORLD COLA — KSD','Modification campagne: CAMPAGNE YOUKI - WORLD COLA','192.168.2.100','Mozilla/5.0 (Windows NT 10.0; Win64; x64) AppleWebKit/537.36 (KHTML, like Gecko) Chrome/148.0.0.0 Safari/537.36','2026-05-13 18:04:51.726894',185,NULL,'info','','campaign');
INSERT INTO "accounts_auditlog" VALUES(120,'create',2617,'CAMPAGNE YOUZOU - LAFI - IMPERIAL TONIC — KSD','Création campagne: CAMPAGNE YOUZOU - LAFI - IMPERIAL TONIC','192.168.2.100','Mozilla/5.0 (Windows NT 10.0; Win64; x64) AppleWebKit/537.36 (KHTML, like Gecko) Chrome/148.0.0.0 Safari/537.36','2026-05-13 18:05:44.053567',185,NULL,'info','','campaign');
INSERT INTO "accounts_auditlog" VALUES(121,'update',2617,'CAMPAGNE YOUZOU - LAFI - IMPERIAL TONIC — KSD','Modification campagne: CAMPAGNE YOUZOU - LAFI - IMPERIAL TONIC','192.168.2.100','Mozilla/5.0 (Windows NT 10.0; Win64; x64) AppleWebKit/537.36 (KHTML, like Gecko) Chrome/148.0.0.0 Safari/537.36','2026-05-13 18:07:12.146897',185,NULL,'info','','campaign');
INSERT INTO "accounts_auditlog" VALUES(122,'update',2617,'CAMPAGNE YOUZOU - LAFI - IMPERIAL TONIC — KSD','Modification campagne: CAMPAGNE YOUZOU - LAFI - IMPERIAL TONIC','192.168.2.100','Mozilla/5.0 (Windows NT 10.0; Win64; x64) AppleWebKit/537.36 (KHTML, like Gecko) Chrome/148.0.0.0 Safari/537.36','2026-05-13 18:10:55.926489',185,NULL,'info','','campaign');
INSERT INTO "accounts_auditlog" VALUES(123,'update',2617,'CAMPAGNE YOUZOU - LAFI - IMPERIAL TONIC — KSD','Modification campagne: CAMPAGNE YOUZOU - LAFI - IMPERIAL TONIC','192.168.2.100','Mozilla/5.0 (Windows NT 10.0; Win64; x64) AppleWebKit/537.36 (KHTML, like Gecko) Chrome/148.0.0.0 Safari/537.36','2026-05-13 18:13:03.918922',185,NULL,'info','','campaign');
INSERT INTO "accounts_auditlog" VALUES(124,'create',2618,'CAMPAGNE PÂQUES 2026 — KSD','Création campagne: CAMPAGNE PÂQUES 2026','192.168.2.100','Mozilla/5.0 (Windows NT 10.0; Win64; x64) AppleWebKit/537.36 (KHTML, like Gecko) Chrome/148.0.0.0 Safari/537.36','2026-05-13 18:14:10.075102',185,NULL,'info','','campaign');
INSERT INTO "accounts_auditlog" VALUES(125,'update',2618,'CAMPAGNE PÂQUES 2026 — KSD','Modification campagne: CAMPAGNE PÂQUES 2026','192.168.2.100','Mozilla/5.0 (Windows NT 10.0; Win64; x64) AppleWebKit/537.36 (KHTML, like Gecko) Chrome/148.0.0.0 Safari/537.36','2026-05-13 18:14:44.910995',185,NULL,'info','','campaign');
INSERT INTO "accounts_auditlog" VALUES(126,'update',2616,'CAMPAGNE YOUKI - WORLD COLA — KSD','Modification campagne: CAMPAGNE YOUKI - WORLD COLA','192.168.2.100','Mozilla/5.0 (Windows NT 10.0; Win64; x64) AppleWebKit/537.36 (KHTML, like Gecko) Chrome/148.0.0.0 Safari/537.36','2026-05-13 18:17:00.736545',185,NULL,'info','','campaign');
INSERT INTO "accounts_auditlog" VALUES(127,'update',2610,'Campagne ISO Qualité Ouaga — KSD','Modification campagne: Campagne ISO Qualité Ouaga','192.168.2.100','Mozilla/5.0 (Windows NT 10.0; Win64; x64) AppleWebKit/537.36 (KHTML, like Gecko) Chrome/148.0.0.0 Safari/537.36','2026-05-13 18:19:06.378376',185,NULL,'info','','campaign');
INSERT INTO "accounts_auditlog" VALUES(128,'update',2610,'Campagne ISO Qualité Ouaga — KSD','Modification campagne: Campagne ISO Qualité Ouaga','192.168.2.100','Mozilla/5.0 (Windows NT 10.0; Win64; x64) AppleWebKit/537.36 (KHTML, like Gecko) Chrome/148.0.0.0 Safari/537.36','2026-05-13 18:20:54.384342',185,NULL,'info','','campaign');
INSERT INTO "accounts_auditlog" VALUES(129,'create',9486,'ECR-130526-182223 — Ecran BOBO','Création support: ECR-130526-182223','192.168.2.100','Mozilla/5.0 (Windows NT 10.0; Win64; x64) AppleWebKit/537.36 (KHTML, like Gecko) Chrome/148.0.0.0 Safari/537.36','2026-05-13 18:22:30.601380',185,NULL,'info','','inventory');
INSERT INTO "accounts_auditlog" VALUES(130,'create',2619,'Prix de l''entrepreneuriat Agricole Africain 2026 — KSD','Création campagne: Prix de l''entrepreneuriat Agricole Africain 2026','192.168.2.100','Mozilla/5.0 (Windows NT 10.0; Win64; x64) AppleWebKit/537.36 (KHTML, like Gecko) Chrome/148.0.0.0 Safari/537.36','2026-05-13 18:26:37.091857',185,NULL,'info','','campaign');
INSERT INTO "accounts_auditlog" VALUES(131,'update',2619,'Prix de l''entrepreneuriat Agricole Africain 2026 — KSD','Modification campagne: Prix de l''entrepreneuriat Agricole Africain 2026','192.168.2.100','Mozilla/5.0 (Windows NT 10.0; Win64; x64) AppleWebKit/537.36 (KHTML, like Gecko) Chrome/148.0.0.0 Safari/537.36','2026-05-13 18:27:02.249585',185,NULL,'info','','campaign');
INSERT INTO "accounts_auditlog" VALUES(132,'update',2619,'Prix de l''entrepreneuriat Agricole Africain 2026 — KSD','Modification campagne: Prix de l''entrepreneuriat Agricole Africain 2026','192.168.2.100','Mozilla/5.0 (Windows NT 10.0; Win64; x64) AppleWebKit/537.36 (KHTML, like Gecko) Chrome/148.0.0.0 Safari/537.36','2026-05-13 18:27:47.729002',185,NULL,'info','','campaign');
INSERT INTO "accounts_auditlog" VALUES(133,'delete',NULL,'','Suppression campagne: Prix de l''entrepreneuriat Agricole Africain 2026','192.168.2.100','Mozilla/5.0 (Windows NT 10.0; Win64; x64) AppleWebKit/537.36 (KHTML, like Gecko) Chrome/148.0.0.0 Safari/537.36','2026-05-13 18:29:59.383624',185,NULL,'critical','','campaign');
INSERT INTO "accounts_auditlog" VALUES(134,'create',2620,'Campagne Prix Pierre Castel 1 — KSD','Création campagne: Campagne Prix Pierre Castel 1','192.168.2.100','Mozilla/5.0 (Windows NT 10.0; Win64; x64) AppleWebKit/537.36 (KHTML, like Gecko) Chrome/148.0.0.0 Safari/537.36','2026-05-13 18:31:26.471294',185,NULL,'info','','campaign');
INSERT INTO "accounts_auditlog" VALUES(135,'create',2621,'Campagne Prix Pierre Castel 2e diffusion — KSD','Création campagne: Campagne Prix Pierre Castel 2e diffusion','192.168.2.100','Mozilla/5.0 (Windows NT 10.0; Win64; x64) AppleWebKit/537.36 (KHTML, like Gecko) Chrome/148.0.0.0 Safari/537.36','2026-05-13 18:32:42.514478',185,NULL,'info','','campaign');
INSERT INTO "accounts_auditlog" VALUES(136,'update',2620,'Campagne Prix Pierre Castel 1ère diffusion — KSD','Modification campagne: Campagne Prix Pierre Castel 1ère diffusion','192.168.2.100','Mozilla/5.0 (Windows NT 10.0; Win64; x64) AppleWebKit/537.36 (KHTML, like Gecko) Chrome/148.0.0.0 Safari/537.36','2026-05-13 18:33:24.813596',185,NULL,'info','','campaign');
INSERT INTO "accounts_auditlog" VALUES(137,'create',2622,'Campagne SST — KSD','Création campagne: Campagne SST','192.168.2.100','Mozilla/5.0 (Windows NT 10.0; Win64; x64) AppleWebKit/537.36 (KHTML, like Gecko) Chrome/148.0.0.0 Safari/537.36','2026-05-13 18:34:51.833905',185,NULL,'info','','campaign');
INSERT INTO "accounts_auditlog" VALUES(138,'update',2622,'Campagne SST — KSD','Modification campagne: Campagne SST','192.168.2.100','Mozilla/5.0 (Windows NT 10.0; Win64; x64) AppleWebKit/537.36 (KHTML, like Gecko) Chrome/148.0.0.0 Safari/537.36','2026-05-13 18:36:02.612472',185,NULL,'info','','campaign');
INSERT INTO "accounts_auditlog" VALUES(139,'create',2623,'Campagne de diffusion LED 1 er Mai — KSD','Création campagne: Campagne de diffusion LED 1 er Mai','192.168.2.100','Mozilla/5.0 (Windows NT 10.0; Win64; x64) AppleWebKit/537.36 (KHTML, like Gecko) Chrome/148.0.0.0 Safari/537.36','2026-05-13 18:38:58.318512',185,NULL,'info','','campaign');
INSERT INTO "accounts_auditlog" VALUES(140,'update',2623,'Campagne de diffusion LED 1 er Mai — KSD','Modification campagne: Campagne de diffusion LED 1 er Mai','192.168.2.100','Mozilla/5.0 (Windows NT 10.0; Win64; x64) AppleWebKit/537.36 (KHTML, like Gecko) Chrome/148.0.0.0 Safari/537.36','2026-05-13 18:40:09.301851',185,NULL,'info','','campaign');
INSERT INTO "accounts_auditlog" VALUES(141,'update',2623,'Campagne de diffusion LED 1 er Mai — KSD','Modification campagne: Campagne de diffusion LED 1 er Mai','192.168.2.100','Mozilla/5.0 (Windows NT 10.0; Win64; x64) AppleWebKit/537.36 (KHTML, like Gecko) Chrome/148.0.0.0 Safari/537.36','2026-05-13 18:40:35.313165',185,NULL,'info','','campaign');
INSERT INTO "accounts_auditlog" VALUES(142,'create',2624,'Campagne World Cola - Youki - Lafi - Youzou - Imperial Tonic — KSD','Création campagne: Campagne World Cola - Youki - Lafi - Youzou - Imperial Tonic','192.168.2.100','Mozilla/5.0 (Windows NT 10.0; Win64; x64) AppleWebKit/537.36 (KHTML, like Gecko) Chrome/148.0.0.0 Safari/537.36','2026-05-13 18:43:39.720694',185,NULL,'info','','campaign');
INSERT INTO "accounts_auditlog" VALUES(143,'create',2625,'Campagne LED KUNDE 2026. — KSD','Création campagne: Campagne LED KUNDE 2026.','192.168.2.100','Mozilla/5.0 (Windows NT 10.0; Win64; x64) AppleWebKit/537.36 (KHTML, like Gecko) Chrome/148.0.0.0 Safari/537.36','2026-05-13 18:45:51.504653',185,NULL,'info','','campaign');
INSERT INTO "accounts_auditlog" VALUES(144,'update',2609,'Campagne LED DU 15 MAI — KSD','Modification campagne: Campagne LED DU 15 MAI','192.168.2.100','Mozilla/5.0 (Windows NT 10.0; Win64; x64) AppleWebKit/537.36 (KHTML, like Gecko) Chrome/148.0.0.0 Safari/537.36','2026-05-13 18:48:12.540804',185,NULL,'info','','campaign');
INSERT INTO "accounts_auditlog" VALUES(145,'update',2603,'Animation Commerciale #59 — SONABHY','Modification campagne: Animation Commerciale #59','192.168.2.100','Mozilla/5.0 (Windows NT 10.0; Win64; x64) AppleWebKit/537.36 (KHTML, like Gecko) Chrome/148.0.0.0 Safari/537.36','2026-05-14 08:31:24.400633',185,NULL,'info','','campaign');
INSERT INTO "accounts_auditlog" VALUES(146,'update',2624,'Campagne World Cola - Youki - Lafi - Youzou - Imperial Tonic — KSD','Modification campagne: Campagne World Cola - Youki - Lafi - Youzou - Imperial Tonic','192.168.2.100','Mozilla/5.0 (Windows NT 10.0; Win64; x64) AppleWebKit/537.36 (KHTML, like Gecko) Chrome/148.0.0.0 Safari/537.36','2026-05-14 11:51:51.522266',185,NULL,'info','','campaign');
INSERT INTO "accounts_auditlog" VALUES(147,'update',2624,'Campagne World Cola - Youki - Lafi - Youzou - Imperial Tonic — KSD','Modification campagne: Campagne World Cola - Youki - Lafi - Youzou - Imperial Tonic','192.168.2.100','Mozilla/5.0 (Windows NT 10.0; Win64; x64) AppleWebKit/537.36 (KHTML, like Gecko) Chrome/148.0.0.0 Safari/537.36','2026-05-14 11:56:00.806212',185,NULL,'info','','campaign');
INSERT INTO "accounts_auditlog" VALUES(148,'update',2618,'CAMPAGNE PÂQUES 2026 — KSD','Modification campagne: CAMPAGNE PÂQUES 2026','192.168.2.100','Mozilla/5.0 (Windows NT 10.0; Win64; x64) AppleWebKit/537.36 (KHTML, like Gecko) Chrome/148.0.0.0 Safari/537.36','2026-05-14 11:58:14.442694',185,NULL,'info','','campaign');
INSERT INTO "accounts_auditlog" VALUES(149,'update',2616,'CAMPAGNE YOUKI - WORLD COLA — KSD','Modification campagne: CAMPAGNE YOUKI - WORLD COLA','192.168.2.100','Mozilla/5.0 (Windows NT 10.0; Win64; x64) AppleWebKit/537.36 (KHTML, like Gecko) Chrome/148.0.0.0 Safari/537.36','2026-05-14 12:00:14.227908',185,NULL,'info','','campaign');
INSERT INTO "accounts_auditlog" VALUES(150,'update',2606,'Campagne XXL — KSD','Modification campagne: Campagne XXL','192.168.2.100','Mozilla/5.0 (Windows NT 10.0; Win64; x64) AppleWebKit/537.36 (KHTML, like Gecko) Chrome/148.0.0.0 Safari/537.36','2026-05-14 12:05:18.261435',185,NULL,'info','','campaign');
INSERT INTO "accounts_auditlog" VALUES(151,'update',2609,'Campagne LED DU 15 MAI — KSD','Modification campagne: Campagne LED DU 15 MAI','192.168.2.100','Mozilla/5.0 (Windows NT 10.0; Win64; x64) AppleWebKit/537.36 (KHTML, like Gecko) Chrome/148.0.0.0 Safari/537.36','2026-05-14 12:09:34.863110',185,NULL,'info','','campaign');
INSERT INTO "accounts_auditlog" VALUES(152,'update',2613,'Campagne LED YOUKIF. — KSD','Modification campagne: Campagne LED YOUKIF.','192.168.2.100','Mozilla/5.0 (Windows NT 10.0; Win64; x64) AppleWebKit/537.36 (KHTML, like Gecko) Chrome/148.0.0.0 Safari/537.36','2026-05-14 12:10:56.477022',185,NULL,'info','','campaign');
INSERT INTO "accounts_auditlog" VALUES(153,'update',2612,'Campagne LED à Ouaga pour la fête de l''Ascension. — KSD','Modification campagne: Campagne LED à Ouaga pour la fête de l''Ascension.','192.168.2.100','Mozilla/5.0 (Windows NT 10.0; Win64; x64) AppleWebKit/537.36 (KHTML, like Gecko) Chrome/148.0.0.0 Safari/537.36','2026-05-14 12:13:35.644729',185,NULL,'info','','campaign');
INSERT INTO "accounts_auditlog" VALUES(154,'update',2625,'Campagne LED KUNDE 2026. — KSD','Modification campagne: Campagne LED KUNDE 2026.','192.168.2.100','Mozilla/5.0 (Windows NT 10.0; Win64; x64) AppleWebKit/537.36 (KHTML, like Gecko) Chrome/148.0.0.0 Safari/537.36','2026-05-14 12:27:10.965171',185,NULL,'info','','campaign');
INSERT INTO "accounts_auditlog" VALUES(155,'update',2622,'Campagne SST — KSD','Modification campagne: Campagne SST','192.168.2.100','Mozilla/5.0 (Windows NT 10.0; Win64; x64) AppleWebKit/537.36 (KHTML, like Gecko) Chrome/148.0.0.0 Safari/537.36','2026-05-14 12:29:49.728180',185,NULL,'info','','campaign');
INSERT INTO "accounts_auditlog" VALUES(156,'update',2610,'Campagne ISO Qualité Ouaga — KSD','Modification campagne: Campagne ISO Qualité Ouaga','192.168.2.100','Mozilla/5.0 (Windows NT 10.0; Win64; x64) AppleWebKit/537.36 (KHTML, like Gecko) Chrome/148.0.0.0 Safari/537.36','2026-05-14 12:31:09.996233',185,NULL,'info','','campaign');
INSERT INTO "accounts_auditlog" VALUES(157,'update',2615,'Campagne Ramadan — KSD','Modification campagne: Campagne Ramadan','192.168.2.100','Mozilla/5.0 (Windows NT 10.0; Win64; x64) AppleWebKit/537.36 (KHTML, like Gecko) Chrome/148.0.0.0 Safari/537.36','2026-05-14 12:33:04.655265',185,NULL,'info','','campaign');
INSERT INTO "accounts_auditlog" VALUES(158,'update',2614,'Campagne ISO - Qualite — KSD','Modification campagne: Campagne ISO - Qualite','192.168.2.100','Mozilla/5.0 (Windows NT 10.0; Win64; x64) AppleWebKit/537.36 (KHTML, like Gecko) Chrome/148.0.0.0 Safari/537.36','2026-05-14 12:35:11.449806',185,NULL,'info','','campaign');
INSERT INTO "accounts_auditlog" VALUES(159,'update',2621,'Campagne Prix Pierre Castel 2e diffusion — KSD','Modification campagne: Campagne Prix Pierre Castel 2e diffusion','192.168.2.100','Mozilla/5.0 (Windows NT 10.0; Win64; x64) AppleWebKit/537.36 (KHTML, like Gecko) Chrome/148.0.0.0 Safari/537.36','2026-05-14 12:37:05.264243',185,NULL,'info','','campaign');
INSERT INTO "accounts_auditlog" VALUES(160,'update',2620,'Campagne Prix Pierre Castel 1ère diffusion — KSD','Modification campagne: Campagne Prix Pierre Castel 1ère diffusion','192.168.2.100','Mozilla/5.0 (Windows NT 10.0; Win64; x64) AppleWebKit/537.36 (KHTML, like Gecko) Chrome/148.0.0.0 Safari/537.36','2026-05-14 12:37:24.544499',185,NULL,'info','','campaign');
INSERT INTO "accounts_auditlog" VALUES(161,'update',2609,'Campagne LED DU 15 MAI — KSD','Modification campagne: Campagne LED DU 15 MAI','192.168.2.100','Mozilla/5.0 (Windows NT 10.0; Win64; x64) AppleWebKit/537.36 (KHTML, like Gecko) Chrome/148.0.0.0 Safari/537.36','2026-05-14 12:39:14.062872',185,NULL,'info','','campaign');
INSERT INTO "accounts_auditlog" VALUES(162,'update',2606,'Campagne XXL — KSD','Modification campagne: Campagne XXL','192.168.2.100','Mozilla/5.0 (Windows NT 10.0; Win64; x64) AppleWebKit/537.36 (KHTML, like Gecko) Chrome/148.0.0.0 Safari/537.36','2026-05-14 12:41:41.939539',185,NULL,'info','','campaign');
INSERT INTO "accounts_auditlog" VALUES(163,'update',2617,'CAMPAGNE YOUZOU - LAFI - IMPERIAL TONIC — KSD','Modification campagne: CAMPAGNE YOUZOU - LAFI - IMPERIAL TONIC','192.168.2.100','Mozilla/5.0 (Windows NT 10.0; Win64; x64) AppleWebKit/537.36 (KHTML, like Gecko) Chrome/148.0.0.0 Safari/537.36','2026-05-14 12:42:59.032169',185,NULL,'info','','campaign');
INSERT INTO "accounts_auditlog" VALUES(164,'update',2624,'Campagne World Cola - Youki - Lafi - Youzou - Imperial Tonic — KSD','Modification campagne: Campagne World Cola - Youki - Lafi - Youzou - Imperial Tonic','192.168.2.100','Mozilla/5.0 (Windows NT 10.0; Win64; x64) AppleWebKit/537.36 (KHTML, like Gecko) Chrome/148.0.0.0 Safari/537.36','2026-05-14 12:43:54.027520',185,NULL,'info','','campaign');
INSERT INTO "accounts_auditlog" VALUES(165,'update',2623,'Campagne de diffusion LED 1 er Mai — KSD','Modification campagne: Campagne de diffusion LED 1 er Mai','192.168.2.100','Mozilla/5.0 (Windows NT 10.0; Win64; x64) AppleWebKit/537.36 (KHTML, like Gecko) Chrome/148.0.0.0 Safari/537.36','2026-05-14 12:53:22.873612',185,NULL,'info','','campaign');
INSERT INTO "accounts_auditlog" VALUES(166,'update',2592,'Lancement Nouvelle Gamme #48 — Léopard Transports','Ajout panneau BOB-007 face B','192.168.2.100','Mozilla/5.0 (Windows NT 10.0; Win64; x64) AppleWebKit/537.36 (KHTML, like Gecko) Chrome/148.0.0.0 Safari/537.36','2026-05-15 08:49:46.587087',185,NULL,'info','','campaign');
INSERT INTO "accounts_auditlog" VALUES(167,'update',2592,'Lancement Nouvelle Gamme #48 — Léopard Transports','Modification campagne: Lancement Nouvelle Gamme #48','192.168.2.100','Mozilla/5.0 (Windows NT 10.0; Win64; x64) AppleWebKit/537.36 (KHTML, like Gecko) Chrome/148.0.0.0 Safari/537.36','2026-05-15 08:56:52.506056',185,NULL,'info','','campaign');
INSERT INTO "accounts_auditlog" VALUES(168,'create',453,'Ibrahim Sawadogo','Création client: Ibrahim Sawadogo','192.168.2.100','Mozilla/5.0 (Windows NT 10.0; Win64; x64) AppleWebKit/537.36 (KHTML, like Gecko) Chrome/148.0.0.0 Safari/537.36','2026-05-15 09:54:46.673084',185,NULL,'info','','commercial');
INSERT INTO "accounts_auditlog" VALUES(169,'create',454,'Ibrahim Sawadogo','Création client: Ibrahim Sawadogo','192.168.2.100','Mozilla/5.0 (Windows NT 10.0; Win64; x64) AppleWebKit/537.36 (KHTML, like Gecko) Chrome/148.0.0.0 Safari/537.36','2026-05-15 09:55:16.468939',185,NULL,'info','','commercial');
INSERT INTO "accounts_auditlog" VALUES(170,'create',455,'Ibrahim Sawadogo','Création client: Ibrahim Sawadogo','192.168.2.100','Mozilla/5.0 (Windows NT 10.0; Win64; x64) AppleWebKit/537.36 (KHTML, like Gecko) Chrome/148.0.0.0 Safari/537.36','2026-05-15 09:55:57.255562',185,NULL,'info','','commercial');
INSERT INTO "accounts_auditlog" VALUES(171,'delete',NULL,'','Suppression de 8 campagnes associées à Brakina SA avant suppression du client','192.168.2.100','Mozilla/5.0 (Windows NT 10.0; Win64; x64) AppleWebKit/537.36 (KHTML, like Gecko) Chrome/148.0.0.0 Safari/537.36','2026-05-15 15:41:45.765219',185,NULL,'critical','','commercial');
INSERT INTO "accounts_auditlog" VALUES(172,'delete',NULL,'','Suppression client: Brakina SA','192.168.2.100','Mozilla/5.0 (Windows NT 10.0; Win64; x64) AppleWebKit/537.36 (KHTML, like Gecko) Chrome/148.0.0.0 Safari/537.36','2026-05-15 15:41:45.803349',185,NULL,'critical','','commercial');
INSERT INTO "accounts_auditlog" VALUES(173,'delete',NULL,'','Suppression client: Ibrahim Sawadogo','192.168.2.100','Mozilla/5.0 (Windows NT 10.0; Win64; x64) AppleWebKit/537.36 (KHTML, like Gecko) Chrome/148.0.0.0 Safari/537.36','2026-05-15 15:41:55.469095',185,NULL,'critical','','commercial');
INSERT INTO "accounts_auditlog" VALUES(174,'delete',NULL,'','Suppression client: Ibrahim Sawadogo','192.168.2.100','Mozilla/5.0 (Windows NT 10.0; Win64; x64) AppleWebKit/537.36 (KHTML, like Gecko) Chrome/148.0.0.0 Safari/537.36','2026-05-15 15:42:03.190007',185,NULL,'critical','','commercial');
INSERT INTO "accounts_auditlog" VALUES(175,'delete',NULL,'','Suppression de 5 campagnes associées à Léopard Transports avant suppression du client','192.168.2.100','Mozilla/5.0 (Windows NT 10.0; Win64; x64) AppleWebKit/537.36 (KHTML, like Gecko) Chrome/148.0.0.0 Safari/537.36','2026-05-15 15:42:07.625327',185,NULL,'critical','','commercial');
INSERT INTO "accounts_auditlog" VALUES(176,'delete',NULL,'','Suppression client: Léopard Transports','192.168.2.100','Mozilla/5.0 (Windows NT 10.0; Win64; x64) AppleWebKit/537.36 (KHTML, like Gecko) Chrome/148.0.0.0 Safari/537.36','2026-05-15 15:42:07.650513',185,NULL,'critical','','commercial');
INSERT INTO "accounts_auditlog" VALUES(177,'delete',NULL,'','Suppression de 10 campagnes associées à MTN Burkina Faso avant suppression du client','192.168.2.100','Mozilla/5.0 (Windows NT 10.0; Win64; x64) AppleWebKit/537.36 (KHTML, like Gecko) Chrome/148.0.0.0 Safari/537.36','2026-05-15 15:47:19.641109',185,NULL,'critical','','commercial');
INSERT INTO "accounts_auditlog" VALUES(178,'delete',NULL,'','Suppression client: MTN Burkina Faso','192.168.2.100','Mozilla/5.0 (Windows NT 10.0; Win64; x64) AppleWebKit/537.36 (KHTML, like Gecko) Chrome/148.0.0.0 Safari/537.36','2026-05-15 15:47:19.664916',185,NULL,'critical','','commercial');
INSERT INTO "accounts_auditlog" VALUES(179,'delete',NULL,'','Suppression de 6 campagnes associées à Coris Bank avant suppression du client','192.168.2.100','Mozilla/5.0 (Windows NT 10.0; Win64; x64) AppleWebKit/537.36 (KHTML, like Gecko) Chrome/148.0.0.0 Safari/537.36','2026-05-15 15:52:51.681110',185,NULL,'critical','','commercial');
INSERT INTO "accounts_auditlog" VALUES(180,'delete',NULL,'','Suppression client: Coris Bank','192.168.2.100','Mozilla/5.0 (Windows NT 10.0; Win64; x64) AppleWebKit/537.36 (KHTML, like Gecko) Chrome/148.0.0.0 Safari/537.36','2026-05-15 15:52:51.707116',185,NULL,'critical','','commercial');
INSERT INTO "accounts_auditlog" VALUES(181,'delete',NULL,'','Suppression de 8 campagnes associées à Air Burkina avant suppression du client','192.168.2.100','Mozilla/5.0 (Windows NT 10.0; Win64; x64) AppleWebKit/537.36 (KHTML, like Gecko) Chrome/148.0.0.0 Safari/537.36','2026-05-15 15:53:04.967518',185,NULL,'critical','','commercial');
INSERT INTO "accounts_auditlog" VALUES(182,'delete',NULL,'','Suppression client: Air Burkina','192.168.2.100','Mozilla/5.0 (Windows NT 10.0; Win64; x64) AppleWebKit/537.36 (KHTML, like Gecko) Chrome/148.0.0.0 Safari/537.36','2026-05-15 15:53:05.049025',185,NULL,'critical','','commercial');
INSERT INTO "accounts_auditlog" VALUES(183,'delete',NULL,'','Suppression de 8 campagnes associées à SONABHY avant suppression du client','192.168.2.100','Mozilla/5.0 (Windows NT 10.0; Win64; x64) AppleWebKit/537.36 (KHTML, like Gecko) Chrome/148.0.0.0 Safari/537.36','2026-05-15 15:53:09.676731',185,NULL,'critical','','commercial');
INSERT INTO "accounts_auditlog" VALUES(184,'delete',NULL,'','Suppression client: SONABHY','192.168.2.100','Mozilla/5.0 (Windows NT 10.0; Win64; x64) AppleWebKit/537.36 (KHTML, like Gecko) Chrome/148.0.0.0 Safari/537.36','2026-05-15 15:53:09.709933',185,NULL,'critical','','commercial');
INSERT INTO "accounts_auditlog" VALUES(185,'delete',NULL,'','Suppression de 5 campagnes associées à Orange Burkina avant suppression du client','192.168.2.100','Mozilla/5.0 (Windows NT 10.0; Win64; x64) AppleWebKit/537.36 (KHTML, like Gecko) Chrome/148.0.0.0 Safari/537.36','2026-05-15 15:53:13.299605',185,NULL,'critical','','commercial');
INSERT INTO "accounts_auditlog" VALUES(186,'delete',NULL,'','Suppression client: Orange Burkina','192.168.2.100','Mozilla/5.0 (Windows NT 10.0; Win64; x64) AppleWebKit/537.36 (KHTML, like Gecko) Chrome/148.0.0.0 Safari/537.36','2026-05-15 15:53:13.323543',185,NULL,'critical','','commercial');
INSERT INTO "accounts_auditlog" VALUES(187,'delete',NULL,'','Suppression de 2 campagnes associées à Canal+ Burkina avant suppression du client','192.168.2.100','Mozilla/5.0 (Windows NT 10.0; Win64; x64) AppleWebKit/537.36 (KHTML, like Gecko) Chrome/148.0.0.0 Safari/537.36','2026-05-15 15:53:17.590629',185,NULL,'critical','','commercial');
INSERT INTO "accounts_auditlog" VALUES(188,'delete',NULL,'','Suppression client: Canal+ Burkina','192.168.2.100','Mozilla/5.0 (Windows NT 10.0; Win64; x64) AppleWebKit/537.36 (KHTML, like Gecko) Chrome/148.0.0.0 Safari/537.36','2026-05-15 15:53:17.619673',185,NULL,'critical','','commercial');
INSERT INTO "accounts_auditlog" VALUES(189,'delete',NULL,'','Suppression de 5 campagnes associées à Société Générale avant suppression du client','192.168.2.100','Mozilla/5.0 (Windows NT 10.0; Win64; x64) AppleWebKit/537.36 (KHTML, like Gecko) Chrome/148.0.0.0 Safari/537.36','2026-05-15 15:53:23.206519',185,NULL,'critical','','commercial');
INSERT INTO "accounts_auditlog" VALUES(190,'delete',NULL,'','Suppression client: Société Générale','192.168.2.100','Mozilla/5.0 (Windows NT 10.0; Win64; x64) AppleWebKit/537.36 (KHTML, like Gecko) Chrome/148.0.0.0 Safari/537.36','2026-05-15 15:53:23.230474',185,NULL,'critical','','commercial');
INSERT INTO "accounts_auditlog" VALUES(191,'delete',NULL,'','Suppression de 3 campagnes associées à Ecobank avant suppression du client','192.168.2.100','Mozilla/5.0 (Windows NT 10.0; Win64; x64) AppleWebKit/537.36 (KHTML, like Gecko) Chrome/148.0.0.0 Safari/537.36','2026-05-15 15:53:26.543951',185,NULL,'critical','','commercial');
INSERT INTO "accounts_auditlog" VALUES(192,'delete',NULL,'','Suppression client: Ecobank','192.168.2.100','Mozilla/5.0 (Windows NT 10.0; Win64; x64) AppleWebKit/537.36 (KHTML, like Gecko) Chrome/148.0.0.0 Safari/537.36','2026-05-15 15:53:26.571093',185,NULL,'critical','','commercial');
INSERT INTO "accounts_auditlog" VALUES(193,'login_failed',NULL,'','Tentative échouée : admin','127.0.0.1','Mozilla/5.0 (Windows NT 10.0; Win64; x64) AppleWebKit/537.36 (KHTML, like Gecko) Chrome/148.0.0.0 Safari/537.36','2026-05-19 16:51:23.648722',NULL,NULL,'critical','','auth');
INSERT INTO "accounts_auditlog" VALUES(194,'login',185,'Admin GeoAd (Administrateur)','Connexion : Admin GeoAd','127.0.0.1','Mozilla/5.0 (Windows NT 10.0; Win64; x64) AppleWebKit/537.36 (KHTML, like Gecko) Chrome/148.0.0.0 Safari/537.36','2026-05-19 16:51:37.730968',185,NULL,'info','','auth');
INSERT INTO "accounts_auditlog" VALUES(195,'create',2626,'Campagne PENTECOTE — KSD','Création campagne: Campagne PENTECOTE','127.0.0.1','Mozilla/5.0 (Windows NT 10.0; Win64; x64) AppleWebKit/537.36 (KHTML, like Gecko) Chrome/148.0.0.0 Safari/537.36','2026-05-20 17:55:46.672897',185,NULL,'info','','campaign');
INSERT INTO "accounts_auditlog" VALUES(196,'update',2626,'Campagne PENTECOTE — KSD','Modification campagne: Campagne PENTECOTE','127.0.0.1','Mozilla/5.0 (Windows NT 10.0; Win64; x64) AppleWebKit/537.36 (KHTML, like Gecko) Chrome/148.0.0.0 Safari/537.36','2026-05-20 17:56:51.001507',185,NULL,'info','','campaign');
INSERT INTO "accounts_auditlog" VALUES(197,'update',2626,'Campagne PENTECOTE — KSD','Modification campagne: Campagne PENTECOTE','127.0.0.1','Mozilla/5.0 (Windows NT 10.0; Win64; x64) AppleWebKit/537.36 (KHTML, like Gecko) Chrome/148.0.0.0 Safari/537.36','2026-05-20 17:57:27.152390',185,NULL,'info','','campaign');
INSERT INTO "accounts_auditlog" VALUES(198,'create',2627,'Campagne JOURNEE DE L''AFRIQUE — KSD','Création campagne: Campagne JOURNEE DE L''AFRIQUE','127.0.0.1','Mozilla/5.0 (Windows NT 10.0; Win64; x64) AppleWebKit/537.36 (KHTML, like Gecko) Chrome/148.0.0.0 Safari/537.36','2026-05-20 17:58:41.636292',185,NULL,'info','','campaign');
INSERT INTO "accounts_auditlog" VALUES(199,'create',2628,'Campagne TABASKI — KSD','Création campagne: Campagne TABASKI','127.0.0.1','Mozilla/5.0 (Windows NT 10.0; Win64; x64) AppleWebKit/537.36 (KHTML, like Gecko) Chrome/148.0.0.0 Safari/537.36','2026-05-20 17:59:54.554378',185,NULL,'info','','campaign');
INSERT INTO "accounts_auditlog" VALUES(200,'login',185,'Admin GeoAd (Administrateur)','Connexion : Admin GeoAd','192.168.2.100','Mozilla/5.0 (Windows NT 10.0; Win64; x64) AppleWebKit/537.36 (KHTML, like Gecko) Chrome/148.0.0.0 Safari/537.36','2026-05-21 14:25:07.862752',185,NULL,'info','','auth');
INSERT INTO "accounts_auditlog" VALUES(201,'update',9427,'ECR-001 — Rond point des nations unies(N UNIES)','Modification support: ECR-001','192.168.2.100','Mozilla/5.0 (Windows NT 10.0; Win64; x64) AppleWebKit/537.36 (KHTML, like Gecko) Chrome/148.0.0.0 Safari/537.36','2026-05-21 17:16:03.032096',185,NULL,'info','','inventory');
INSERT INTO "accounts_auditlog" VALUES(202,'update',9427,'ECR-001 — Rond point des nations unies (N UNIES)','Modification support: ECR-001','192.168.2.100','Mozilla/5.0 (Windows NT 10.0; Win64; x64) AppleWebKit/537.36 (KHTML, like Gecko) Chrome/148.0.0.0 Safari/537.36','2026-05-21 17:16:17.295470',185,NULL,'info','','inventory');
INSERT INTO "accounts_auditlog" VALUES(203,'update',9427,'ECR-001 — (N UNIES) Rond point des nations unies','Modification support: ECR-001','192.168.2.100','Mozilla/5.0 (Windows NT 10.0; Win64; x64) AppleWebKit/537.36 (KHTML, like Gecko) Chrome/148.0.0.0 Safari/537.36','2026-05-21 17:17:07.446579',185,NULL,'info','','inventory');
INSERT INTO "accounts_auditlog" VALUES(204,'update',9428,'ECR-002 — (B.VILLE) Croisement Dignité / Route 17-36 Bonheur ville','Modification support: ECR-002','192.168.2.100','Mozilla/5.0 (Windows NT 10.0; Win64; x64) AppleWebKit/537.36 (KHTML, like Gecko) Chrome/148.0.0.0 Safari/537.36','2026-05-21 17:17:46.694525',185,NULL,'info','','inventory');
INSERT INTO "accounts_auditlog" VALUES(205,'update',9429,'ECR-003 — (GOUNGHIN) Croisement Kadiogo / DSTM Gounghin (face SGBF)','Modification support: ECR-003','192.168.2.100','Mozilla/5.0 (Windows NT 10.0; Win64; x64) AppleWebKit/537.36 (KHTML, like Gecko) Chrome/148.0.0.0 Safari/537.36','2026-05-21 17:18:25.599971',185,NULL,'info','','inventory');
INSERT INTO "accounts_auditlog" VALUES(206,'update',9430,'ECR-004 — (M.NAABA) Av Bassawarga Mogho Naaba','Modification support: ECR-004','192.168.2.100','Mozilla/5.0 (Windows NT 10.0; Win64; x64) AppleWebKit/537.36 (KHTML, like Gecko) Chrome/148.0.0.0 Safari/537.36','2026-05-21 17:19:18.678325',185,NULL,'info','','inventory');
INSERT INTO "accounts_auditlog" VALUES(207,'update',9431,'ECR-005 — (ASECNA) Croisement Bassawarga / Av Lamizana ASECNA','Modification support: ECR-005','192.168.2.100','Mozilla/5.0 (Windows NT 10.0; Win64; x64) AppleWebKit/537.36 (KHTML, like Gecko) Chrome/148.0.0.0 Safari/537.36','2026-05-21 17:19:44.965215',185,NULL,'info','','inventory');
INSERT INTO "accounts_auditlog" VALUES(208,'update',9432,'ECR-006 — (MELYS) Rond point Tanghin - Melkys (côté Schiphra)','Modification support: ECR-006','192.168.2.100','Mozilla/5.0 (Windows NT 10.0; Win64; x64) AppleWebKit/537.36 (KHTML, like Gecko) Chrome/148.0.0.0 Safari/537.36','2026-05-21 17:20:12.334559',185,NULL,'info','','inventory');
INSERT INTO "accounts_auditlog" VALUES(209,'update',9433,'ECR-007 — (LARLE) Larlé av Yatenga face station OLA OIL','Modification support: ECR-007','192.168.2.100','Mozilla/5.0 (Windows NT 10.0; Win64; x64) AppleWebKit/537.36 (KHTML, like Gecko) Chrome/148.0.0.0 Safari/537.36','2026-05-21 17:21:00.581022',185,NULL,'info','','inventory');
INSERT INTO "accounts_auditlog" VALUES(210,'update',9434,'ECR-008 — (CDG) Blvd Thomas Sankara - Alimentation La Surface','Modification support: ECR-008','192.168.2.100','Mozilla/5.0 (Windows NT 10.0; Win64; x64) AppleWebKit/537.36 (KHTML, like Gecko) Chrome/148.0.0.0 Safari/537.36','2026-05-21 17:23:00.781568',185,NULL,'info','','inventory');
CREATE TABLE "accounts_user" ("id" integer NOT NULL PRIMARY KEY AUTOINCREMENT, "password" varchar(128) NOT NULL, "last_login" datetime NULL, "is_superuser" bool NOT NULL, "username" varchar(150) NOT NULL UNIQUE, "first_name" varchar(150) NOT NULL, "last_name" varchar(150) NOT NULL, "email" varchar(254) NOT NULL, "is_staff" bool NOT NULL, "is_active" bool NOT NULL, "date_joined" datetime NOT NULL, "role" varchar(20) NOT NULL, "telephone" varchar(30) NOT NULL, "avatar" varchar(100) NULL, "client_profile_id" bigint NULL UNIQUE REFERENCES "campaigns_client" ("id") DEFERRABLE INITIALLY DEFERRED);
INSERT INTO "accounts_user" VALUES(185,'pbkdf2_sha256$1000000$jk7jLDOpJnqF73PdUHnc5O$5VkZFDiIELqh8SR6UtZj94sOrhSFqke9RhVE+zYpDf0=','2026-05-21 14:25:07.853620',1,'admin','Admin','GeoAd','admin@geoad.bf',1,1,'2026-04-29 19:00:32.256274','admin','','',NULL);
INSERT INTO "accounts_user" VALUES(186,'pbkdf2_sha256$1000000$jmJ6H9pI5jIjYpF5TNxwoz$Lre/gS5ZJXcs+mtAMu3JQ9E3j7l+b+vh8QQainXr2MY=',NULL,0,'staff','Salif','Ouédraogo','staff@geoad.bf',0,1,'2026-04-29 19:00:33.097124','staff','','',NULL);
INSERT INTO "accounts_user" VALUES(187,'pbkdf2_sha256$1000000$pQAgilv61eza0yd9sh3af5$JLoTrizJsenNLNMvmwGSA+vaiuyYN0uaGwaFviB3W5M=',NULL,0,'technicien','Adama','Kaboré','tech@geoad.bf',0,1,'2026-04-29 19:00:33.925864','technicien','','',NULL);
INSERT INTO "accounts_user" VALUES(188,'pbkdf2_sha256$1000000$GEG7GmxwVIoFAQaAbVP2Da$ePS/+vOa7eiMmy12yskFFQJI4IlrCjvJeNv5QEALYks=',NULL,0,'client1','Directeur','Brakina','contact@brakina.bf',0,1,'2026-04-29 19:00:34.736924','client','','',NULL);
CREATE TABLE "accounts_user_groups" ("id" integer NOT NULL PRIMARY KEY AUTOINCREMENT, "user_id" bigint NOT NULL REFERENCES "accounts_user" ("id") DEFERRABLE INITIALLY DEFERRED, "group_id" integer NOT NULL REFERENCES "auth_group" ("id") DEFERRABLE INITIALLY DEFERRED);
CREATE TABLE "accounts_user_user_permissions" ("id" integer NOT NULL PRIMARY KEY AUTOINCREMENT, "user_id" bigint NOT NULL REFERENCES "accounts_user" ("id") DEFERRABLE INITIALLY DEFERRED, "permission_id" integer NOT NULL REFERENCES "auth_permission" ("id") DEFERRABLE INITIALLY DEFERRED);
CREATE TABLE "auth_group" ("id" integer NOT NULL PRIMARY KEY AUTOINCREMENT, "name" varchar(150) NOT NULL UNIQUE);
CREATE TABLE "auth_group_permissions" ("id" integer NOT NULL PRIMARY KEY AUTOINCREMENT, "group_id" integer NOT NULL REFERENCES "auth_group" ("id") DEFERRABLE INITIALLY DEFERRED, "permission_id" integer NOT NULL REFERENCES "auth_permission" ("id") DEFERRABLE INITIALLY DEFERRED);
CREATE TABLE "auth_permission" ("id" integer NOT NULL PRIMARY KEY AUTOINCREMENT, "content_type_id" integer NOT NULL REFERENCES "django_content_type" ("id") DEFERRABLE INITIALLY DEFERRED, "codename" varchar(100) NOT NULL, "name" varchar(255) NOT NULL);
INSERT INTO "auth_permission" VALUES(1,1,'add_logentry','Can add log entry');
INSERT INTO "auth_permission" VALUES(2,1,'change_logentry','Can change log entry');
INSERT INTO "auth_permission" VALUES(3,1,'delete_logentry','Can delete log entry');
INSERT INTO "auth_permission" VALUES(4,1,'view_logentry','Can view log entry');
INSERT INTO "auth_permission" VALUES(5,2,'add_permission','Can add permission');
INSERT INTO "auth_permission" VALUES(6,2,'change_permission','Can change permission');
INSERT INTO "auth_permission" VALUES(7,2,'delete_permission','Can delete permission');
INSERT INTO "auth_permission" VALUES(8,2,'view_permission','Can view permission');
INSERT INTO "auth_permission" VALUES(9,3,'add_group','Can add group');
INSERT INTO "auth_permission" VALUES(10,3,'change_group','Can change group');
INSERT INTO "auth_permission" VALUES(11,3,'delete_group','Can delete group');
INSERT INTO "auth_permission" VALUES(12,3,'view_group','Can view group');
INSERT INTO "auth_permission" VALUES(13,4,'add_contenttype','Can add content type');
INSERT INTO "auth_permission" VALUES(14,4,'change_contenttype','Can change content type');
INSERT INTO "auth_permission" VALUES(15,4,'delete_contenttype','Can delete content type');
INSERT INTO "auth_permission" VALUES(16,4,'view_contenttype','Can view content type');
INSERT INTO "auth_permission" VALUES(17,5,'add_session','Can add session');
INSERT INTO "auth_permission" VALUES(18,5,'change_session','Can change session');
INSERT INTO "auth_permission" VALUES(19,5,'delete_session','Can delete session');
INSERT INTO "auth_permission" VALUES(20,5,'view_session','Can view session');
INSERT INTO "auth_permission" VALUES(21,6,'add_user','Can add Utilisateur');
INSERT INTO "auth_permission" VALUES(22,6,'change_user','Can change Utilisateur');
INSERT INTO "auth_permission" VALUES(23,6,'delete_user','Can delete Utilisateur');
INSERT INTO "auth_permission" VALUES(24,6,'view_user','Can view Utilisateur');
INSERT INTO "auth_permission" VALUES(25,7,'add_auditlog','Can add Journal d''audit');
INSERT INTO "auth_permission" VALUES(26,7,'change_auditlog','Can change Journal d''audit');
INSERT INTO "auth_permission" VALUES(27,7,'delete_auditlog','Can delete Journal d''audit');
INSERT INTO "auth_permission" VALUES(28,7,'view_auditlog','Can view Journal d''audit');
INSERT INTO "auth_permission" VALUES(29,8,'add_support','Can add Support Publicitaire');
INSERT INTO "auth_permission" VALUES(30,8,'change_support','Can change Support Publicitaire');
INSERT INTO "auth_permission" VALUES(31,8,'delete_support','Can delete Support Publicitaire');
INSERT INTO "auth_permission" VALUES(32,8,'view_support','Can view Support Publicitaire');
INSERT INTO "auth_permission" VALUES(33,9,'add_photomaintenance','Can add Photo de Maintenance');
INSERT INTO "auth_permission" VALUES(34,9,'change_photomaintenance','Can change Photo de Maintenance');
INSERT INTO "auth_permission" VALUES(35,9,'delete_photomaintenance','Can delete Photo de Maintenance');
INSERT INTO "auth_permission" VALUES(36,9,'view_photomaintenance','Can view Photo de Maintenance');
INSERT INTO "auth_permission" VALUES(37,10,'add_ecrannumerique','Can add Configuration Écran');
INSERT INTO "auth_permission" VALUES(38,10,'change_ecrannumerique','Can change Configuration Écran');
INSERT INTO "auth_permission" VALUES(39,10,'delete_ecrannumerique','Can delete Configuration Écran');
INSERT INTO "auth_permission" VALUES(40,10,'view_ecrannumerique','Can view Configuration Écran');
INSERT INTO "auth_permission" VALUES(41,11,'add_facepanneau','Can add Face de Panneau');
INSERT INTO "auth_permission" VALUES(42,11,'change_facepanneau','Can change Face de Panneau');
INSERT INTO "auth_permission" VALUES(43,11,'delete_facepanneau','Can delete Face de Panneau');
INSERT INTO "auth_permission" VALUES(44,11,'view_facepanneau','Can view Face de Panneau');
INSERT INTO "auth_permission" VALUES(45,12,'add_client','Can add Client');
INSERT INTO "auth_permission" VALUES(46,12,'change_client','Can change Client');
INSERT INTO "auth_permission" VALUES(47,12,'delete_client','Can delete Client');
INSERT INTO "auth_permission" VALUES(48,12,'view_client','Can view Client');
INSERT INTO "auth_permission" VALUES(49,13,'add_campagne','Can add Campagne');
INSERT INTO "auth_permission" VALUES(50,13,'change_campagne','Can change Campagne');
INSERT INTO "auth_permission" VALUES(51,13,'delete_campagne','Can delete Campagne');
INSERT INTO "auth_permission" VALUES(52,13,'view_campagne','Can view Campagne');
INSERT INTO "auth_permission" VALUES(53,14,'add_contrat','Can add Contrat');
INSERT INTO "auth_permission" VALUES(54,14,'change_contrat','Can change Contrat');
INSERT INTO "auth_permission" VALUES(55,14,'delete_contrat','Can delete Contrat');
INSERT INTO "auth_permission" VALUES(56,14,'view_contrat','Can view Contrat');
INSERT INTO "auth_permission" VALUES(57,15,'add_lignecampagne','Can add Ligne de Campagne');
INSERT INTO "auth_permission" VALUES(58,15,'change_lignecampagne','Can change Ligne de Campagne');
INSERT INTO "auth_permission" VALUES(59,15,'delete_lignecampagne','Can delete Ligne de Campagne');
INSERT INTO "auth_permission" VALUES(60,15,'view_lignecampagne','Can view Ligne de Campagne');
INSERT INTO "auth_permission" VALUES(61,16,'add_logdiffusion','Can add Log de Diffusion');
INSERT INTO "auth_permission" VALUES(62,16,'change_logdiffusion','Can change Log de Diffusion');
INSERT INTO "auth_permission" VALUES(63,16,'delete_logdiffusion','Can delete Log de Diffusion');
INSERT INTO "auth_permission" VALUES(64,16,'view_logdiffusion','Can view Log de Diffusion');
INSERT INTO "auth_permission" VALUES(65,17,'add_campagnevisuel','Can add Visuel de campagne');
INSERT INTO "auth_permission" VALUES(66,17,'change_campagnevisuel','Can change Visuel de campagne');
INSERT INTO "auth_permission" VALUES(67,17,'delete_campagnevisuel','Can delete Visuel de campagne');
INSERT INTO "auth_permission" VALUES(68,17,'view_campagnevisuel','Can view Visuel de campagne');
CREATE TABLE "campaigns_campagne" ("id" integer NOT NULL PRIMARY KEY AUTOINCREMENT, "nom" varchar(200) NOT NULL, "reference" varchar(50) NOT NULL UNIQUE, "date_debut" date NOT NULL, "date_fin" date NOT NULL, "statut" varchar(20) NOT NULL, "type_support" varchar(10) NOT NULL, "duree_passage" integer unsigned NULL CHECK ("duree_passage" >= 0), "tranches_horaires" varchar(500) NOT NULL, "notes" text NOT NULL, "created_at" datetime NOT NULL, "updated_at" datetime NOT NULL, "created_by_id" bigint NULL REFERENCES "accounts_user" ("id") DEFERRABLE INITIALLY DEFERRED, "client_id" bigint NOT NULL REFERENCES "campaigns_client" ("id") DEFERRABLE INITIALLY DEFERRED, "contrat_id" bigint NULL REFERENCES "campaigns_contrat" ("id") DEFERRABLE INITIALLY DEFERRED, "frequence" integer unsigned NULL CHECK ("frequence" >= 0));
INSERT INTO "campaigns_campagne" VALUES(2606,'Campagne XXL','CAM-2026-B0E98F','2026-05-04','2026-05-18','terminee','ecran',20,'12:00-20:00','jl; lki','2026-05-07 20:45:28.808608','2026-05-14 12:41:41.942530',185,452,454,240);
INSERT INTO "campaigns_campagne" VALUES(2609,'Campagne LED DU 15 MAI','CAM-2026-7882A1','2026-05-04','2026-05-23','en_cours','ecran',20,'12:00-20:00','','2026-05-08 11:43:20.934834','2026-05-14 12:39:14.063869',185,452,454,240);
INSERT INTO "campaigns_campagne" VALUES(2610,'Campagne ISO Qualité Ouaga','CAM-2026-4B9580','2026-04-01','2026-04-15','terminee','ecran',20,'12:00-20:00','','2026-05-08 11:49:58.619647','2026-05-14 12:31:09.997225',185,452,454,120);
INSERT INTO "campaigns_campagne" VALUES(2612,'Campagne LED à Ouaga pour la fête de l''Ascension.','CAM-2026-FC4349','2026-05-11','2026-05-15','terminee','ecran',20,'12:00-20:00','Campagne LED à Ouaga pour la fête de l''Ascension initillement preuve le 10 au 14 mai 2026 repouser le 11 au 15 mai 2026','2026-05-11 17:11:13.880691','2026-05-14 12:13:35.659689',185,452,454,120);
INSERT INTO "campaigns_campagne" VALUES(2613,'Campagne LED YOUKIF.','CAM-2026-8A902E','2026-05-13','2026-05-31','en_cours','ecran',20,'12:00-19:00','Concours National de Mathématique et Physique Chimie','2026-05-13 14:01:37.344613','2026-05-14 12:10:56.478018',185,452,454,240);
INSERT INTO "campaigns_campagne" VALUES(2614,'Campagne ISO - Qualite','CAM-2026-87AEB5','2026-03-12','2026-03-30','terminee','ecran',20,'12:00-20:00','','2026-05-13 17:46:17.310409','2026-05-14 12:35:11.452799',185,452,454,120);
INSERT INTO "campaigns_campagne" VALUES(2615,'Campagne Ramadan','CAM-2026-505095','2026-03-18','2026-03-22','terminee','ecran',20,'12:00-20:00','','2026-05-13 17:50:46.165633','2026-05-14 12:33:04.657261',185,452,454,120);
INSERT INTO "campaigns_campagne" VALUES(2616,'CAMPAGNE YOUKI - WORLD COLA','CAM-2026-DC541C','2026-04-01','2026-04-30','terminee','ecran',20,'12:00-20:00','','2026-05-13 18:04:05.832457','2026-05-14 12:00:14.228905',185,452,454,120);
INSERT INTO "campaigns_campagne" VALUES(2617,'CAMPAGNE YOUZOU - LAFI - IMPERIAL TONIC','CAM-2026-C2AE1D','2026-04-01','2026-04-30','terminee','ecran',20,'12:00-20:00','','2026-05-13 18:05:44.035481','2026-05-14 12:42:59.032169',185,452,454,120);
INSERT INTO "campaigns_campagne" VALUES(2618,'CAMPAGNE PÂQUES 2026','CAM-2026-08ABF0','2026-04-02','2026-04-06','terminee','ecran',20,'12:00-20:00','','2026-05-13 18:14:10.058805','2026-05-14 11:58:14.442694',185,452,454,120);
INSERT INTO "campaigns_campagne" VALUES(2620,'Campagne Prix Pierre Castel 1ère diffusion','CAM-2026-62FF64','2026-04-04','2026-04-23','terminee','ecran',20,'12:00-19:00','','2026-05-13 18:31:26.455342','2026-05-14 12:37:24.544499',185,452,454,240);
INSERT INTO "campaigns_campagne" VALUES(2621,'Campagne Prix Pierre Castel 2e diffusion','CAM-2026-A0B374','2026-05-04','2026-05-13','terminee','ecran',20,'12:00-19:00','','2026-05-13 18:32:42.500038','2026-05-14 12:37:05.265212',185,452,454,240);
INSERT INTO "campaigns_campagne" VALUES(2622,'Campagne SST','CAM-2026-39FA51','2026-04-21','2026-04-30','terminee','ecran',20,'12:00-20:00','','2026-05-13 18:34:51.822009','2026-05-14 12:29:49.744518',185,452,454,120);
INSERT INTO "campaigns_campagne" VALUES(2623,'Campagne de diffusion LED 1 er Mai','CAM-2026-F5D958','2026-04-29','2026-05-03','terminee','ecran',20,'12:00-20:00','','2026-05-13 18:38:58.304402','2026-05-14 12:53:22.880981',185,452,454,120);
INSERT INTO "campaigns_campagne" VALUES(2624,'Campagne World Cola - Youki - Lafi - Youzou - Imperial Tonic','CAM-2026-38DF5B','2026-05-02','2026-05-31','en_cours','ecran',20,'12:00-20:00','','2026-05-13 18:43:39.706400','2026-05-14 12:43:54.028522',185,452,454,120);
INSERT INTO "campaigns_campagne" VALUES(2625,'Campagne LED KUNDE 2026.','CAM-2026-1E24DE','2026-04-30','2026-05-08','terminee','ecran',20,'12:00-19:00','','2026-05-13 18:45:51.488686','2026-05-14 12:27:10.978117',185,452,454,120);
INSERT INTO "campaigns_campagne" VALUES(2626,'Campagne PENTECOTE','CAM-2026-66E1CE','2026-05-20','2026-05-24','en_cours','ecran',20,'12:00-20:00','','2026-05-20 17:55:46.656946','2026-05-20 17:57:27.153413',185,452,454,120);
INSERT INTO "campaigns_campagne" VALUES(2627,'Campagne JOURNEE DE L''AFRIQUE','CAM-2026-B7787B','2026-05-22','2026-05-26','a_venir','ecran',20,'12:00-20:00','','2026-05-20 17:58:41.616671','2026-05-20 17:58:41.637326',185,452,454,120);
INSERT INTO "campaigns_campagne" VALUES(2628,'Campagne TABASKI','CAM-2026-54909F','2026-05-23','2026-05-27','a_venir','ecran',20,'12:00-20:00','','2026-05-20 17:59:54.537957','2026-05-20 17:59:54.555403',185,452,454,120);
CREATE TABLE "campaigns_campagnevisuel" ("id" integer NOT NULL PRIMARY KEY AUTOINCREMENT, "fichier" varchar(100) NOT NULL, "campagne_id" bigint NOT NULL REFERENCES "campaigns_campagne" ("id") DEFERRABLE INITIALLY DEFERRED);
INSERT INTO "campaigns_campagnevisuel" VALUES(4,'visuels/PAQUES_1.jpeg',2618);
INSERT INTO "campaigns_campagnevisuel" VALUES(5,'visuels/WORLD_COLA_AVRIL.jpeg',2616);
INSERT INTO "campaigns_campagnevisuel" VALUES(6,'visuels/YOUKI_NEW.jpeg',2616);
INSERT INTO "campaigns_campagnevisuel" VALUES(9,'visuels/1001006719_1.jpg',2613);
INSERT INTO "campaigns_campagnevisuel" VALUES(10,'visuels/VISUEL_ASCENSION_1.jpeg',2612);
INSERT INTO "campaigns_campagnevisuel" VALUES(11,'visuels/WhatsApp_Video_2026-04-27_at_09.56.47.mp4',2625);
INSERT INTO "campaigns_campagnevisuel" VALUES(12,'visuels/SANTE_SECURITE_AU_TRAVAIL_2026.jpeg',2622);
INSERT INTO "campaigns_campagnevisuel" VALUES(13,'visuels/ISO_PRODUITS_COMPLET_1.jpeg',2610);
INSERT INTO "campaigns_campagnevisuel" VALUES(14,'visuels/YOUKI_-_RAMADAN_1.jpeg',2615);
INSERT INTO "campaigns_campagnevisuel" VALUES(15,'visuels/WORLD_COLA_-_RAMADAN.jpeg',2615);
INSERT INTO "campaigns_campagnevisuel" VALUES(16,'visuels/IMPERIAL_TONIC_-_RAMADAN.jpeg',2615);
INSERT INTO "campaigns_campagnevisuel" VALUES(17,'visuels/WORLD_COLA_-_RAMADAN_1.jpeg',2615);
INSERT INTO "campaigns_campagnevisuel" VALUES(18,'visuels/LAFI_-_RAMADAN.jpeg',2615);
INSERT INTO "campaigns_campagnevisuel" VALUES(19,'visuels/YOUKI_-_RAMADAN_2.jpeg',2615);
INSERT INTO "campaigns_campagnevisuel" VALUES(20,'visuels/ISO_PRODUITS_COMPLET_1_otCQRbx.jpeg',2614);
INSERT INTO "campaigns_campagnevisuel" VALUES(21,'visuels/1000865232_2.jpg',2621);
INSERT INTO "campaigns_campagnevisuel" VALUES(22,'visuels/1000865232_2_KnDmLfP.jpg',2620);
INSERT INTO "campaigns_campagnevisuel" VALUES(23,'visuels/VISUEL_15_MAI.jpeg',2609);
INSERT INTO "campaigns_campagnevisuel" VALUES(24,'visuels/XXL_ENERGY_-_IMILO_2026.jpeg',2606);
INSERT INTO "campaigns_campagnevisuel" VALUES(25,'visuels/IMPERIAL_TONIC_-_H_iVqqSUa.png',2617);
INSERT INTO "campaigns_campagnevisuel" VALUES(26,'visuels/LAFI_1_R8tsrJB.png',2617);
INSERT INTO "campaigns_campagnevisuel" VALUES(27,'visuels/YOUZOU_4X3_2026_Lnx0Af4.jpg',2617);
INSERT INTO "campaigns_campagnevisuel" VALUES(28,'visuels/4x3-imperial-2.png',2624);
INSERT INTO "campaigns_campagnevisuel" VALUES(29,'visuels/4x3-N_Lafi_copie_1.png',2624);
INSERT INTO "campaigns_campagnevisuel" VALUES(30,'visuels/YOUKI_NEW_1.jpeg',2624);
INSERT INTO "campaigns_campagnevisuel" VALUES(31,'visuels/YOUZOU_4X3_2026_1.jpg',2624);
INSERT INTO "campaigns_campagnevisuel" VALUES(32,'visuels/WORLD_COLA_MAI.jpeg',2624);
INSERT INTO "campaigns_campagnevisuel" VALUES(33,'visuels/FETE_DU_TRAVAIL_2026.jpeg',2623);
INSERT INTO "campaigns_campagnevisuel" VALUES(35,'visuels/Visuel_Pentecôte.jpg',2626);
INSERT INTO "campaigns_campagnevisuel" VALUES(36,'visuels/Visuel_Castel_Beer_Journée_mondiale_de_lAfrique.jpeg',2627);
INSERT INTO "campaigns_campagnevisuel" VALUES(37,'visuels/Visuel_Tabaski.jpg',2628);
CREATE TABLE "campaigns_client" ("id" integer NOT NULL PRIMARY KEY AUTOINCREMENT, "nom" varchar(200) NOT NULL, "contact_nom" varchar(150) NOT NULL, "telephone" varchar(30) NOT NULL, "email" varchar(254) NOT NULL, "adresse" text NOT NULL, "logo" varchar(100) NULL, "notes" text NOT NULL, "created_at" datetime NOT NULL, "actif" bool NOT NULL);
INSERT INTO "campaigns_client" VALUES(452,'KSD','Parfait Silga','74534694','silga.parfait@gmail.com','Ouaga','logos/arton119641-f42b6_YEqwCG5.jpg','','2026-04-29 19:15:35.947979',0);
CREATE TABLE "campaigns_contrat" ("id" integer NOT NULL PRIMARY KEY AUTOINCREMENT, "type_contrat" varchar(20) NOT NULL, "date_debut" date NOT NULL, "date_fin" date NOT NULL, "nb_spots" integer unsigned NOT NULL CHECK ("nb_spots" >= 0), "actif" bool NOT NULL, "notes" text NOT NULL, "created_at" datetime NOT NULL, "client_id" bigint NOT NULL REFERENCES "campaigns_client" ("id") DEFERRABLE INITIALLY DEFERRED, "nom" varchar(200) NOT NULL);
INSERT INTO "campaigns_contrat" VALUES(454,'annuel','2026-01-01','2026-12-31',1200000,1,'','2026-04-29 19:16:57.392946',452,'SODIBO');
CREATE TABLE "campaigns_lignecampagne" ("id" integer NOT NULL PRIMARY KEY AUTOINCREMENT, "visuel" varchar(100) NULL, "ordre_dans_boucle" integer unsigned NOT NULL CHECK ("ordre_dans_boucle" >= 0), "notes" text NOT NULL, "campagne_id" bigint NOT NULL REFERENCES "campaigns_campagne" ("id") DEFERRABLE INITIALLY DEFERRED, "face_id" bigint NULL REFERENCES "inventory_facepanneau" ("id") DEFERRABLE INITIALLY DEFERRED, "support_id" bigint NOT NULL REFERENCES "inventory_support" ("id") DEFERRABLE INITIALLY DEFERRED);
INSERT INTO "campaigns_lignecampagne" VALUES(6971,'',0,'',2606,NULL,9427);
INSERT INTO "campaigns_lignecampagne" VALUES(6972,'',0,'',2606,NULL,9428);
INSERT INTO "campaigns_lignecampagne" VALUES(6973,'',0,'',2606,NULL,9431);
INSERT INTO "campaigns_lignecampagne" VALUES(6974,'',0,'',2606,NULL,9433);
INSERT INTO "campaigns_lignecampagne" VALUES(6980,'',0,'',2609,NULL,9427);
INSERT INTO "campaigns_lignecampagne" VALUES(6981,'',0,'',2609,NULL,9428);
INSERT INTO "campaigns_lignecampagne" VALUES(6982,'',0,'',2609,NULL,9429);
INSERT INTO "campaigns_lignecampagne" VALUES(6983,'',0,'',2609,NULL,9430);
INSERT INTO "campaigns_lignecampagne" VALUES(6984,'',0,'',2609,NULL,9431);
INSERT INTO "campaigns_lignecampagne" VALUES(6985,'',0,'',2609,NULL,9432);
INSERT INTO "campaigns_lignecampagne" VALUES(6986,'',0,'',2609,NULL,9433);
INSERT INTO "campaigns_lignecampagne" VALUES(6988,'',0,'',2610,NULL,9427);
INSERT INTO "campaigns_lignecampagne" VALUES(6989,'',0,'',2610,NULL,9431);
INSERT INTO "campaigns_lignecampagne" VALUES(6996,'',0,'',2612,NULL,9427);
INSERT INTO "campaigns_lignecampagne" VALUES(6997,'',0,'',2612,NULL,9428);
INSERT INTO "campaigns_lignecampagne" VALUES(6998,'',0,'',2612,NULL,9429);
INSERT INTO "campaigns_lignecampagne" VALUES(6999,'',0,'',2612,NULL,9430);
INSERT INTO "campaigns_lignecampagne" VALUES(7000,'',0,'',2612,NULL,9432);
INSERT INTO "campaigns_lignecampagne" VALUES(7001,'',0,'',2612,NULL,9433);
INSERT INTO "campaigns_lignecampagne" VALUES(7002,'',0,'',2612,NULL,9434);
INSERT INTO "campaigns_lignecampagne" VALUES(7004,'',0,'',2613,NULL,9427);
INSERT INTO "campaigns_lignecampagne" VALUES(7005,'',0,'',2613,NULL,9428);
INSERT INTO "campaigns_lignecampagne" VALUES(7006,'',0,'',2613,NULL,9429);
INSERT INTO "campaigns_lignecampagne" VALUES(7007,'',0,'',2613,NULL,9430);
INSERT INTO "campaigns_lignecampagne" VALUES(7008,'',0,'',2613,NULL,9431);
INSERT INTO "campaigns_lignecampagne" VALUES(7009,'',0,'',2613,NULL,9432);
INSERT INTO "campaigns_lignecampagne" VALUES(7010,'',0,'',2613,NULL,9433);
INSERT INTO "campaigns_lignecampagne" VALUES(7011,'',0,'',2613,NULL,9434);
INSERT INTO "campaigns_lignecampagne" VALUES(7012,'',0,'',2614,NULL,9427);
INSERT INTO "campaigns_lignecampagne" VALUES(7013,'',0,'',2614,NULL,9428);
INSERT INTO "campaigns_lignecampagne" VALUES(7014,'',0,'',2614,NULL,9429);
INSERT INTO "campaigns_lignecampagne" VALUES(7015,'',0,'',2614,NULL,9430);
INSERT INTO "campaigns_lignecampagne" VALUES(7016,'',0,'',2614,NULL,9431);
INSERT INTO "campaigns_lignecampagne" VALUES(7017,'',0,'',2614,NULL,9432);
INSERT INTO "campaigns_lignecampagne" VALUES(7018,'',0,'',2614,NULL,9433);
INSERT INTO "campaigns_lignecampagne" VALUES(7019,'',0,'',2614,NULL,9434);
INSERT INTO "campaigns_lignecampagne" VALUES(7020,'',0,'',2615,NULL,9427);
INSERT INTO "campaigns_lignecampagne" VALUES(7021,'',0,'',2615,NULL,9428);
INSERT INTO "campaigns_lignecampagne" VALUES(7022,'',0,'',2615,NULL,9429);
INSERT INTO "campaigns_lignecampagne" VALUES(7023,'',0,'',2615,NULL,9430);
INSERT INTO "campaigns_lignecampagne" VALUES(7024,'',0,'',2615,NULL,9431);
INSERT INTO "campaigns_lignecampagne" VALUES(7025,'',0,'',2615,NULL,9432);
INSERT INTO "campaigns_lignecampagne" VALUES(7026,'',0,'',2615,NULL,9433);
INSERT INTO "campaigns_lignecampagne" VALUES(7027,'',0,'',2615,NULL,9434);
INSERT INTO "campaigns_lignecampagne" VALUES(7028,'',0,'',2616,NULL,9427);
INSERT INTO "campaigns_lignecampagne" VALUES(7029,'',0,'',2616,NULL,9431);
INSERT INTO "campaigns_lignecampagne" VALUES(7030,'',0,'',2617,NULL,9427);
INSERT INTO "campaigns_lignecampagne" VALUES(7031,'',0,'',2617,NULL,9431);
INSERT INTO "campaigns_lignecampagne" VALUES(7032,'',0,'',2617,NULL,9434);
INSERT INTO "campaigns_lignecampagne" VALUES(7033,'',0,'',2618,NULL,9427);
INSERT INTO "campaigns_lignecampagne" VALUES(7034,'',0,'',2618,NULL,9428);
INSERT INTO "campaigns_lignecampagne" VALUES(7035,'',0,'',2618,NULL,9429);
INSERT INTO "campaigns_lignecampagne" VALUES(7036,'',0,'',2618,NULL,9430);
INSERT INTO "campaigns_lignecampagne" VALUES(7037,'',0,'',2618,NULL,9431);
INSERT INTO "campaigns_lignecampagne" VALUES(7038,'',0,'',2618,NULL,9432);
INSERT INTO "campaigns_lignecampagne" VALUES(7039,'',0,'',2618,NULL,9433);
INSERT INTO "campaigns_lignecampagne" VALUES(7040,'',0,'',2618,NULL,9434);
INSERT INTO "campaigns_lignecampagne" VALUES(7052,'',0,'',2620,NULL,9427);
INSERT INTO "campaigns_lignecampagne" VALUES(7053,'',0,'',2620,NULL,9428);
INSERT INTO "campaigns_lignecampagne" VALUES(7054,'',0,'',2620,NULL,9429);
INSERT INTO "campaigns_lignecampagne" VALUES(7055,'',0,'',2620,NULL,9430);
INSERT INTO "campaigns_lignecampagne" VALUES(7056,'',0,'',2620,NULL,9431);
INSERT INTO "campaigns_lignecampagne" VALUES(7057,'',0,'',2620,NULL,9432);
INSERT INTO "campaigns_lignecampagne" VALUES(7058,'',0,'',2620,NULL,9433);
INSERT INTO "campaigns_lignecampagne" VALUES(7059,'',0,'',2620,NULL,9434);
INSERT INTO "campaigns_lignecampagne" VALUES(7060,'',0,'',2621,NULL,9427);
INSERT INTO "campaigns_lignecampagne" VALUES(7061,'',0,'',2621,NULL,9428);
INSERT INTO "campaigns_lignecampagne" VALUES(7062,'',0,'',2621,NULL,9429);
INSERT INTO "campaigns_lignecampagne" VALUES(7063,'',0,'',2621,NULL,9430);
INSERT INTO "campaigns_lignecampagne" VALUES(7064,'',0,'',2621,NULL,9431);
INSERT INTO "campaigns_lignecampagne" VALUES(7065,'',0,'',2621,NULL,9432);
INSERT INTO "campaigns_lignecampagne" VALUES(7066,'',0,'',2621,NULL,9433);
INSERT INTO "campaigns_lignecampagne" VALUES(7067,'',0,'',2621,NULL,9434);
INSERT INTO "campaigns_lignecampagne" VALUES(7068,'',0,'',2622,NULL,9427);
INSERT INTO "campaigns_lignecampagne" VALUES(7069,'',0,'',2622,NULL,9428);
INSERT INTO "campaigns_lignecampagne" VALUES(7070,'',0,'',2622,NULL,9429);
INSERT INTO "campaigns_lignecampagne" VALUES(7071,'',0,'',2622,NULL,9430);
INSERT INTO "campaigns_lignecampagne" VALUES(7072,'',0,'',2622,NULL,9431);
INSERT INTO "campaigns_lignecampagne" VALUES(7073,'',0,'',2622,NULL,9432);
INSERT INTO "campaigns_lignecampagne" VALUES(7074,'',0,'',2622,NULL,9433);
INSERT INTO "campaigns_lignecampagne" VALUES(7075,'',0,'',2622,NULL,9434);
INSERT INTO "campaigns_lignecampagne" VALUES(7076,'',0,'',2623,NULL,9427);
INSERT INTO "campaigns_lignecampagne" VALUES(7077,'',0,'',2623,NULL,9428);
INSERT INTO "campaigns_lignecampagne" VALUES(7078,'',0,'',2623,NULL,9429);
INSERT INTO "campaigns_lignecampagne" VALUES(7079,'',0,'',2623,NULL,9430);
INSERT INTO "campaigns_lignecampagne" VALUES(7080,'',0,'',2623,NULL,9432);
INSERT INTO "campaigns_lignecampagne" VALUES(7081,'',0,'',2623,NULL,9433);
INSERT INTO "campaigns_lignecampagne" VALUES(7082,'',0,'',2623,NULL,9434);
INSERT INTO "campaigns_lignecampagne" VALUES(7083,'',0,'',2623,NULL,9431);
INSERT INTO "campaigns_lignecampagne" VALUES(7084,'',0,'',2624,NULL,9427);
INSERT INTO "campaigns_lignecampagne" VALUES(7085,'',0,'',2624,NULL,9431);
INSERT INTO "campaigns_lignecampagne" VALUES(7086,'',0,'',2625,NULL,9427);
INSERT INTO "campaigns_lignecampagne" VALUES(7087,'',0,'',2625,NULL,9428);
INSERT INTO "campaigns_lignecampagne" VALUES(7088,'',0,'',2625,NULL,9430);
INSERT INTO "campaigns_lignecampagne" VALUES(7089,'',0,'',2625,NULL,9431);
INSERT INTO "campaigns_lignecampagne" VALUES(7090,'',0,'',2625,NULL,9432);
INSERT INTO "campaigns_lignecampagne" VALUES(7091,'',0,'',2625,NULL,9433);
INSERT INTO "campaigns_lignecampagne" VALUES(7092,'',0,'',2625,NULL,9434);
INSERT INTO "campaigns_lignecampagne" VALUES(7095,'',0,'',2626,NULL,9427);
INSERT INTO "campaigns_lignecampagne" VALUES(7096,'',0,'',2626,NULL,9428);
INSERT INTO "campaigns_lignecampagne" VALUES(7097,'',0,'',2626,NULL,9429);
INSERT INTO "campaigns_lignecampagne" VALUES(7098,'',0,'',2626,NULL,9430);
INSERT INTO "campaigns_lignecampagne" VALUES(7099,'',0,'',2626,NULL,9431);
INSERT INTO "campaigns_lignecampagne" VALUES(7100,'',0,'',2626,NULL,9432);
INSERT INTO "campaigns_lignecampagne" VALUES(7101,'',0,'',2626,NULL,9433);
INSERT INTO "campaigns_lignecampagne" VALUES(7102,'',0,'',2626,NULL,9434);
INSERT INTO "campaigns_lignecampagne" VALUES(7103,'',0,'',2627,NULL,9427);
INSERT INTO "campaigns_lignecampagne" VALUES(7104,'',0,'',2627,NULL,9428);
INSERT INTO "campaigns_lignecampagne" VALUES(7105,'',0,'',2627,NULL,9429);
INSERT INTO "campaigns_lignecampagne" VALUES(7106,'',0,'',2627,NULL,9430);
INSERT INTO "campaigns_lignecampagne" VALUES(7107,'',0,'',2627,NULL,9431);
INSERT INTO "campaigns_lignecampagne" VALUES(7108,'',0,'',2627,NULL,9432);
INSERT INTO "campaigns_lignecampagne" VALUES(7109,'',0,'',2627,NULL,9433);
INSERT INTO "campaigns_lignecampagne" VALUES(7110,'',0,'',2627,NULL,9434);
INSERT INTO "campaigns_lignecampagne" VALUES(7111,'',0,'',2628,NULL,9427);
INSERT INTO "campaigns_lignecampagne" VALUES(7112,'',0,'',2628,NULL,9428);
INSERT INTO "campaigns_lignecampagne" VALUES(7113,'',0,'',2628,NULL,9429);
INSERT INTO "campaigns_lignecampagne" VALUES(7114,'',0,'',2628,NULL,9430);
INSERT INTO "campaigns_lignecampagne" VALUES(7115,'',0,'',2628,NULL,9431);
INSERT INTO "campaigns_lignecampagne" VALUES(7116,'',0,'',2628,NULL,9432);
INSERT INTO "campaigns_lignecampagne" VALUES(7117,'',0,'',2628,NULL,9433);
INSERT INTO "campaigns_lignecampagne" VALUES(7118,'',0,'',2628,NULL,9434);
INSERT INTO "campaigns_lignecampagne" VALUES(7119,'',0,'',2606,NULL,9434);
INSERT INTO "campaigns_lignecampagne" VALUES(7120,'',0,'',2609,NULL,9434);
INSERT INTO "campaigns_lignecampagne" VALUES(7121,'',0,'',2612,NULL,9431);
CREATE TABLE "django_admin_log" ("id" integer NOT NULL PRIMARY KEY AUTOINCREMENT, "object_id" text NULL, "object_repr" varchar(200) NOT NULL, "action_flag" smallint unsigned NOT NULL CHECK ("action_flag" >= 0), "change_message" text NOT NULL, "content_type_id" integer NULL REFERENCES "django_content_type" ("id") DEFERRABLE INITIALLY DEFERRED, "user_id" bigint NOT NULL REFERENCES "accounts_user" ("id") DEFERRABLE INITIALLY DEFERRED, "action_time" datetime NOT NULL);
INSERT INTO "django_admin_log" VALUES(1,'9378','PAN-142 — Panneau Marché de Tampouy #5',3,'',8,185,'2026-05-21 15:29:21.846224');
INSERT INTO "django_admin_log" VALUES(2,'9379','PAN-143 — Panneau Rond-Point de Tanghin #5',3,'',8,185,'2026-05-21 15:29:21.846224');
INSERT INTO "django_admin_log" VALUES(3,'9380','PAN-144 — Panneau Carrefour Polesgo #5',3,'',8,185,'2026-05-21 15:29:21.846224');
INSERT INTO "django_admin_log" VALUES(4,'9381','PAN-145 — Panneau Avenue de Koulouba #5',3,'',8,185,'2026-05-21 15:29:21.846224');
INSERT INTO "django_admin_log" VALUES(5,'9382','PAN-146 — Panneau Rond-Point de ZACA #5',3,'',8,185,'2026-05-21 15:29:21.846224');
INSERT INTO "django_admin_log" VALUES(6,'9383','PAN-147 — Panneau Carrefour Ouaga 2000 #5',3,'',8,185,'2026-05-21 15:29:21.846224');
INSERT INTO "django_admin_log" VALUES(7,'9384','PAN-148 — Panneau Boulevard du Grand Sighinoghin #5',3,'',8,185,'2026-05-21 15:29:21.846224');
INSERT INTO "django_admin_log" VALUES(8,'9385','PAN-149 — Panneau Rond-Point de Dapoya #5',3,'',8,185,'2026-05-21 15:29:21.846224');
INSERT INTO "django_admin_log" VALUES(9,'9386','PAN-150 — Panneau Carrefour Gounghin #5',3,'',8,185,'2026-05-21 15:29:21.846224');
INSERT INTO "django_admin_log" VALUES(10,'9387','PAN-151 — Panneau Rond-Point des Nations Unies #6',3,'',8,185,'2026-05-21 15:29:21.846740');
INSERT INTO "django_admin_log" VALUES(11,'9388','PAN-152 — Panneau Avenue Kwame Nkrumah #6',3,'',8,185,'2026-05-21 15:29:21.846740');
INSERT INTO "django_admin_log" VALUES(12,'9389','PAN-153 — Panneau Marché Rood Woko #6',3,'',8,185,'2026-05-21 15:29:21.846740');
INSERT INTO "django_admin_log" VALUES(13,'9390','PAN-154 — Panneau Carrefour Patte d''Oie #6',3,'',8,185,'2026-05-21 15:29:21.846740');
INSERT INTO "django_admin_log" VALUES(14,'9391','PAN-155 — Panneau Avenue de la Nation #6',3,'',8,185,'2026-05-21 15:29:21.846740');
INSERT INTO "django_admin_log" VALUES(15,'9392','PAN-156 — Panneau Boulevard du 11 Mai #6',3,'',8,185,'2026-05-21 15:29:21.846740');
INSERT INTO "django_admin_log" VALUES(16,'9393','PAN-157 — Panneau Rond-Point de la Poste #6',3,'',8,185,'2026-05-21 15:29:21.846740');
INSERT INTO "django_admin_log" VALUES(17,'9394','PAN-158 — Panneau Avenue Joseph Ki-Zerbo #6',3,'',8,185,'2026-05-21 15:29:21.846859');
INSERT INTO "django_admin_log" VALUES(18,'9395','PAN-159 — Panneau Rue 12.10 #6',3,'',8,185,'2026-05-21 15:29:21.846859');
INSERT INTO "django_admin_log" VALUES(19,'9396','PAN-160 — Panneau Boulevard de la Révolution #6',3,'',8,185,'2026-05-21 15:29:21.846859');
INSERT INTO "django_admin_log" VALUES(20,'9397','PAN-161 — Panneau Avenue Dimdolobsom #6',3,'',8,185,'2026-05-21 15:29:21.846859');
INSERT INTO "django_admin_log" VALUES(21,'9398','PAN-162 — Panneau Rond-Point de l''Unité Africaine #6',3,'',8,185,'2026-05-21 15:29:21.846859');
INSERT INTO "django_admin_log" VALUES(22,'9399','PAN-163 — Panneau Carrefour du 5ème #6',3,'',8,185,'2026-05-21 15:29:21.846859');
INSERT INTO "django_admin_log" VALUES(23,'9400','PAN-164 — Panneau Avenue du Président Yalgado #6',3,'',8,185,'2026-05-21 15:29:21.846859');
INSERT INTO "django_admin_log" VALUES(24,'9401','PAN-165 — Panneau Rond-Point de Kossodo #6',3,'',8,185,'2026-05-21 15:29:21.846859');
INSERT INTO "django_admin_log" VALUES(25,'9402','PAN-166 — Panneau Marché de Gounghin #6',3,'',8,185,'2026-05-21 15:29:21.846859');
INSERT INTO "django_admin_log" VALUES(26,'9403','PAN-167 — Panneau Carrefour An II #6',3,'',8,185,'2026-05-21 15:29:21.846859');
INSERT INTO "django_admin_log" VALUES(27,'9404','PAN-168 — Panneau Rond-Point de l''Entente #6',3,'',8,185,'2026-05-21 15:29:21.846859');
INSERT INTO "django_admin_log" VALUES(28,'9405','PAN-169 — Panneau Avenue de l''Indépendance #6',3,'',8,185,'2026-05-21 15:29:21.846859');
INSERT INTO "django_admin_log" VALUES(29,'9406','PAN-170 — Panneau Rond-Point de Gampéla #6',3,'',8,185,'2026-05-21 15:29:21.846859');
INSERT INTO "django_admin_log" VALUES(30,'9407','PAN-171 — Panneau Carrefour Cissin #6',3,'',8,185,'2026-05-21 15:29:21.846859');
INSERT INTO "django_admin_log" VALUES(31,'9408','PAN-172 — Panneau Marché de Tampouy #6',3,'',8,185,'2026-05-21 15:29:21.846859');
INSERT INTO "django_admin_log" VALUES(32,'9409','PAN-173 — Panneau Rond-Point de Tanghin #6',3,'',8,185,'2026-05-21 15:29:21.846859');
INSERT INTO "django_admin_log" VALUES(33,'9410','PAN-174 — Panneau Carrefour Polesgo #6',3,'',8,185,'2026-05-21 15:29:21.846859');
INSERT INTO "django_admin_log" VALUES(34,'9411','PAN-175 — Panneau Avenue de Koulouba #6',3,'',8,185,'2026-05-21 15:29:21.846859');
INSERT INTO "django_admin_log" VALUES(35,'9412','PAN-176 — Panneau Rond-Point de ZACA #6',3,'',8,185,'2026-05-21 15:29:21.846859');
INSERT INTO "django_admin_log" VALUES(36,'9413','PAN-177 — Panneau Carrefour Ouaga 2000 #6',3,'',8,185,'2026-05-21 15:29:21.846859');
INSERT INTO "django_admin_log" VALUES(37,'9414','PAN-178 — Panneau Boulevard du Grand Sighinoghin #6',3,'',8,185,'2026-05-21 15:29:21.846859');
INSERT INTO "django_admin_log" VALUES(38,'9415','PAN-179 — Panneau Rond-Point de Dapoya #6',3,'',8,185,'2026-05-21 15:29:21.846859');
INSERT INTO "django_admin_log" VALUES(39,'9416','PAN-180 — Panneau Carrefour Gounghin #6',3,'',8,185,'2026-05-21 15:29:21.846859');
INSERT INTO "django_admin_log" VALUES(40,'9417','PAN-181 — Panneau Rond-Point des Nations Unies #7',3,'',8,185,'2026-05-21 15:29:21.846859');
INSERT INTO "django_admin_log" VALUES(41,'9418','PAN-182 — Panneau Avenue Kwame Nkrumah #7',3,'',8,185,'2026-05-21 15:29:21.846859');
INSERT INTO "django_admin_log" VALUES(42,'9419','PAN-183 — Panneau Marché Rood Woko #7 (4m × 3m (12m²) — Standard)',3,'',8,185,'2026-05-21 15:29:21.846859');
INSERT INTO "django_admin_log" VALUES(43,'9420','PAN-184 — Panneau Carrefour Patte d''Oie #7',3,'',8,185,'2026-05-21 15:29:21.846859');
INSERT INTO "django_admin_log" VALUES(44,'9421','PAN-185 — Panneau Avenue de la Nation #7',3,'',8,185,'2026-05-21 15:29:21.846859');
INSERT INTO "django_admin_log" VALUES(45,'9422','PAN-186 — Panneau Boulevard du 11 Mai #7',3,'',8,185,'2026-05-21 15:29:21.846859');
INSERT INTO "django_admin_log" VALUES(46,'9423','PAN-187 — Panneau Rond-Point de la Poste #7',3,'',8,185,'2026-05-21 15:29:21.846859');
INSERT INTO "django_admin_log" VALUES(47,'9424','PAN-188 — Panneau Avenue Joseph Ki-Zerbo #7',3,'',8,185,'2026-05-21 15:29:21.847362');
INSERT INTO "django_admin_log" VALUES(48,'9425','PAN-189 — Panneau Rue 12.10 #7',3,'',8,185,'2026-05-21 15:29:21.847362');
INSERT INTO "django_admin_log" VALUES(49,'9426','PAN-190 — Panneau Boulevard de la Révolution #7',3,'',8,185,'2026-05-21 15:29:21.847362');
INSERT INTO "django_admin_log" VALUES(50,'9279','PAN-043 — Panneau Carrefour du 5ème #2',3,'',8,185,'2026-05-21 15:30:01.769045');
INSERT INTO "django_admin_log" VALUES(51,'9280','PAN-044 — Panneau Avenue du Président Yalgado #2',3,'',8,185,'2026-05-21 15:30:01.769045');
INSERT INTO "django_admin_log" VALUES(52,'9281','PAN-045 — Panneau Rond-Point de Kossodo #2',3,'',8,185,'2026-05-21 15:30:01.769045');
INSERT INTO "django_admin_log" VALUES(53,'9282','PAN-046 — Panneau Marché de Gounghin #2',3,'',8,185,'2026-05-21 15:30:01.769045');
INSERT INTO "django_admin_log" VALUES(54,'9283','PAN-047 — Panneau Carrefour An II #2',3,'',8,185,'2026-05-21 15:30:01.769045');
INSERT INTO "django_admin_log" VALUES(55,'9284','PAN-048 — Panneau Rond-Point de l''Entente #2',3,'',8,185,'2026-05-21 15:30:01.769045');
INSERT INTO "django_admin_log" VALUES(56,'9285','PAN-049 — Panneau Avenue de l''Indépendance #2',3,'',8,185,'2026-05-21 15:30:01.769045');
INSERT INTO "django_admin_log" VALUES(57,'9286','PAN-050 — Panneau Rond-Point de Gampéla #2',3,'',8,185,'2026-05-21 15:30:01.769045');
INSERT INTO "django_admin_log" VALUES(58,'9287','PAN-051 — Panneau Carrefour Cissin #2',3,'',8,185,'2026-05-21 15:30:01.769045');
INSERT INTO "django_admin_log" VALUES(59,'9288','PAN-052 — Panneau Marché de Tampouy #2',3,'',8,185,'2026-05-21 15:30:01.769045');
INSERT INTO "django_admin_log" VALUES(60,'9289','PAN-053 — Panneau Rond-Point de Tanghin #2',3,'',8,185,'2026-05-21 15:30:01.769045');
INSERT INTO "django_admin_log" VALUES(61,'9290','PAN-054 — Panneau Carrefour Polesgo #2',3,'',8,185,'2026-05-21 15:30:01.769045');
INSERT INTO "django_admin_log" VALUES(62,'9291','PAN-055 — Panneau Avenue de Koulouba #2',3,'',8,185,'2026-05-21 15:30:01.769045');
INSERT INTO "django_admin_log" VALUES(63,'9292','PAN-056 — Panneau Rond-Point de ZACA #2',3,'',8,185,'2026-05-21 15:30:01.769045');
INSERT INTO "django_admin_log" VALUES(64,'9293','PAN-057 — Panneau Carrefour Ouaga 2000 #2',3,'',8,185,'2026-05-21 15:30:01.769045');
INSERT INTO "django_admin_log" VALUES(65,'9294','PAN-058 — Panneau Boulevard du Grand Sighinoghin #2',3,'',8,185,'2026-05-21 15:30:01.769045');
INSERT INTO "django_admin_log" VALUES(66,'9295','PAN-059 — Panneau Rond-Point de Dapoya #2',3,'',8,185,'2026-05-21 15:30:01.769045');
INSERT INTO "django_admin_log" VALUES(67,'9296','PAN-060 — Panneau Carrefour Gounghin #2',3,'',8,185,'2026-05-21 15:30:01.769045');
INSERT INTO "django_admin_log" VALUES(68,'9297','PAN-061 — Panneau Rond-Point des Nations Unies #3',3,'',8,185,'2026-05-21 15:30:01.769045');
INSERT INTO "django_admin_log" VALUES(69,'9298','PAN-062 — Panneau Avenue Kwame Nkrumah #3',3,'',8,185,'2026-05-21 15:30:01.769045');
INSERT INTO "django_admin_log" VALUES(70,'9299','PAN-063 — Panneau Marché Rood Woko #3',3,'',8,185,'2026-05-21 15:30:01.769045');
INSERT INTO "django_admin_log" VALUES(71,'9300','PAN-064 — Panneau Carrefour Patte d''Oie #3',3,'',8,185,'2026-05-21 15:30:01.769045');
INSERT INTO "django_admin_log" VALUES(72,'9301','PAN-065 — Panneau Avenue de la Nation #3',3,'',8,185,'2026-05-21 15:30:01.769045');
INSERT INTO "django_admin_log" VALUES(73,'9302','PAN-066 — Panneau Boulevard du 11 Mai #3',3,'',8,185,'2026-05-21 15:30:01.769045');
INSERT INTO "django_admin_log" VALUES(74,'9303','PAN-067 — Panneau Rond-Point de la Poste #3',3,'',8,185,'2026-05-21 15:30:01.769045');
INSERT INTO "django_admin_log" VALUES(75,'9304','PAN-068 — Panneau Avenue Joseph Ki-Zerbo #3',3,'',8,185,'2026-05-21 15:30:01.769045');
INSERT INTO "django_admin_log" VALUES(76,'9305','PAN-069 — Panneau Rue 12.10 #3',3,'',8,185,'2026-05-21 15:30:01.769045');
INSERT INTO "django_admin_log" VALUES(77,'9306','PAN-070 — Panneau Boulevard de la Révolution #3',3,'',8,185,'2026-05-21 15:30:01.769045');
INSERT INTO "django_admin_log" VALUES(78,'9307','PAN-071 — Panneau Avenue Dimdolobsom #3',3,'',8,185,'2026-05-21 15:30:01.769045');
INSERT INTO "django_admin_log" VALUES(79,'9308','PAN-072 — Panneau Rond-Point de l''Unité Africaine #3',3,'',8,185,'2026-05-21 15:30:01.769045');
INSERT INTO "django_admin_log" VALUES(80,'9309','PAN-073 — Panneau Carrefour du 5ème #3',3,'',8,185,'2026-05-21 15:30:01.769045');
INSERT INTO "django_admin_log" VALUES(81,'9310','PAN-074 — Panneau Avenue du Président Yalgado #3',3,'',8,185,'2026-05-21 15:30:01.769045');
INSERT INTO "django_admin_log" VALUES(82,'9311','PAN-075 — Panneau Rond-Point de Kossodo #3',3,'',8,185,'2026-05-21 15:30:01.769045');
INSERT INTO "django_admin_log" VALUES(83,'9312','PAN-076 — Panneau Marché de Gounghin #3',3,'',8,185,'2026-05-21 15:30:01.769045');
INSERT INTO "django_admin_log" VALUES(84,'9313','PAN-077 — Panneau Carrefour An II #3',3,'',8,185,'2026-05-21 15:30:01.769045');
INSERT INTO "django_admin_log" VALUES(85,'9314','PAN-078 — Panneau Rond-Point de l''Entente #3',3,'',8,185,'2026-05-21 15:30:01.769045');
INSERT INTO "django_admin_log" VALUES(86,'9315','PAN-079 — Panneau Avenue de l''Indépendance #3',3,'',8,185,'2026-05-21 15:30:01.769045');
INSERT INTO "django_admin_log" VALUES(87,'9316','PAN-080 — Panneau Rond-Point de Gampéla #3',3,'',8,185,'2026-05-21 15:30:01.769045');
INSERT INTO "django_admin_log" VALUES(88,'9485','PAN-080526-194442 — Ibrahim Sawadogo (9m × 5m (45m²) — Géant)',3,'',8,185,'2026-05-21 15:30:01.769045');
INSERT INTO "django_admin_log" VALUES(89,'9317','PAN-081 — Panneau Carrefour Cissin #3',3,'',8,185,'2026-05-21 15:30:01.769045');
INSERT INTO "django_admin_log" VALUES(90,'9318','PAN-082 — Panneau Marché de Tampouy #3',3,'',8,185,'2026-05-21 15:30:01.769045');
INSERT INTO "django_admin_log" VALUES(91,'9319','PAN-083 — Panneau Rond-Point de Tanghin #3',3,'',8,185,'2026-05-21 15:30:01.770041');
INSERT INTO "django_admin_log" VALUES(92,'9320','PAN-084 — Panneau Carrefour Polesgo #3',3,'',8,185,'2026-05-21 15:30:01.770041');
INSERT INTO "django_admin_log" VALUES(93,'9321','PAN-085 — Panneau Avenue de Koulouba #3',3,'',8,185,'2026-05-21 15:30:01.770041');
INSERT INTO "django_admin_log" VALUES(94,'9322','PAN-086 — Panneau Rond-Point de ZACA #3',3,'',8,185,'2026-05-21 15:30:01.770041');
INSERT INTO "django_admin_log" VALUES(95,'9323','PAN-087 — Panneau Carrefour Ouaga 2000 #3',3,'',8,185,'2026-05-21 15:30:01.770041');
INSERT INTO "django_admin_log" VALUES(96,'9324','PAN-088 — Panneau Boulevard du Grand Sighinoghin #3',3,'',8,185,'2026-05-21 15:30:01.770041');
INSERT INTO "django_admin_log" VALUES(97,'9325','PAN-089 — Panneau Rond-Point de Dapoya #3',3,'',8,185,'2026-05-21 15:30:01.770041');
INSERT INTO "django_admin_log" VALUES(98,'9326','PAN-090 — Panneau Carrefour Gounghin #3',3,'',8,185,'2026-05-21 15:30:01.770041');
INSERT INTO "django_admin_log" VALUES(99,'9327','PAN-091 — Panneau Rond-Point des Nations Unies #4',3,'',8,185,'2026-05-21 15:30:01.770041');
INSERT INTO "django_admin_log" VALUES(100,'9328','PAN-092 — Panneau Avenue Kwame Nkrumah #4',3,'',8,185,'2026-05-21 15:30:01.770041');
INSERT INTO "django_admin_log" VALUES(101,'9329','PAN-093 — Panneau Marché Rood Woko #4',3,'',8,185,'2026-05-21 15:30:01.770041');
INSERT INTO "django_admin_log" VALUES(102,'9330','PAN-094 — Panneau Carrefour Patte d''Oie #4',3,'',8,185,'2026-05-21 15:30:01.770041');
INSERT INTO "django_admin_log" VALUES(103,'9331','PAN-095 — Panneau Avenue de la Nation #4',3,'',8,185,'2026-05-21 15:30:01.770041');
INSERT INTO "django_admin_log" VALUES(104,'9332','PAN-096 — Panneau Boulevard du 11 Mai #4',3,'',8,185,'2026-05-21 15:30:01.770041');
INSERT INTO "django_admin_log" VALUES(105,'9333','PAN-097 — Panneau Rond-Point de la Poste #4',3,'',8,185,'2026-05-21 15:30:01.770041');
INSERT INTO "django_admin_log" VALUES(106,'9334','PAN-098 — Panneau Avenue Joseph Ki-Zerbo #4',3,'',8,185,'2026-05-21 15:30:01.770041');
INSERT INTO "django_admin_log" VALUES(107,'9335','PAN-099 — Panneau Rue 12.10 #4',3,'',8,185,'2026-05-21 15:30:01.770041');
INSERT INTO "django_admin_log" VALUES(108,'9336','PAN-100 — Panneau Boulevard de la Révolution #4',3,'',8,185,'2026-05-21 15:30:01.770041');
INSERT INTO "django_admin_log" VALUES(109,'9337','PAN-101 — Panneau Avenue Dimdolobsom #4',3,'',8,185,'2026-05-21 15:30:01.770041');
INSERT INTO "django_admin_log" VALUES(110,'9338','PAN-102 — Panneau Rond-Point de l''Unité Africaine #4',3,'',8,185,'2026-05-21 15:30:01.770041');
INSERT INTO "django_admin_log" VALUES(111,'9339','PAN-103 — Panneau Carrefour du 5ème #4',3,'',8,185,'2026-05-21 15:30:01.770041');
INSERT INTO "django_admin_log" VALUES(112,'9340','PAN-104 — Panneau Avenue du Président Yalgado #4',3,'',8,185,'2026-05-21 15:30:01.770041');
INSERT INTO "django_admin_log" VALUES(113,'9341','PAN-105 — Panneau Rond-Point de Kossodo #4',3,'',8,185,'2026-05-21 15:30:01.770041');
INSERT INTO "django_admin_log" VALUES(114,'9342','PAN-106 — Panneau Marché de Gounghin #4',3,'',8,185,'2026-05-21 15:30:01.770041');
INSERT INTO "django_admin_log" VALUES(115,'9343','PAN-107 — Panneau Carrefour An II #4',3,'',8,185,'2026-05-21 15:30:01.770041');
INSERT INTO "django_admin_log" VALUES(116,'9344','PAN-108 — Panneau Rond-Point de l''Entente #4',3,'',8,185,'2026-05-21 15:30:01.770041');
INSERT INTO "django_admin_log" VALUES(117,'9345','PAN-109 — Panneau Avenue de l''Indépendance #4',3,'',8,185,'2026-05-21 15:30:01.770041');
INSERT INTO "django_admin_log" VALUES(118,'9346','PAN-110 — Panneau Rond-Point de Gampéla #4',3,'',8,185,'2026-05-21 15:30:01.770041');
INSERT INTO "django_admin_log" VALUES(119,'9347','PAN-111 — Panneau Carrefour Cissin #4',3,'',8,185,'2026-05-21 15:30:01.770041');
INSERT INTO "django_admin_log" VALUES(120,'9348','PAN-112 — Panneau Marché de Tampouy #4',3,'',8,185,'2026-05-21 15:30:01.770041');
INSERT INTO "django_admin_log" VALUES(121,'9349','PAN-113 — Panneau Rond-Point de Tanghin #4',3,'',8,185,'2026-05-21 15:30:01.770041');
INSERT INTO "django_admin_log" VALUES(122,'9350','PAN-114 — Panneau Carrefour Polesgo #4',3,'',8,185,'2026-05-21 15:30:01.770041');
INSERT INTO "django_admin_log" VALUES(123,'9351','PAN-115 — Panneau Avenue de Koulouba #4',3,'',8,185,'2026-05-21 15:30:01.770041');
INSERT INTO "django_admin_log" VALUES(124,'9352','PAN-116 — Panneau Rond-Point de ZACA #4',3,'',8,185,'2026-05-21 15:30:01.770041');
INSERT INTO "django_admin_log" VALUES(125,'9353','PAN-117 — Panneau Carrefour Ouaga 2000 #4',3,'',8,185,'2026-05-21 15:30:01.770041');
INSERT INTO "django_admin_log" VALUES(126,'9354','PAN-118 — Panneau Boulevard du Grand Sighinoghin #4',3,'',8,185,'2026-05-21 15:30:01.770041');
INSERT INTO "django_admin_log" VALUES(127,'9355','PAN-119 — Panneau Rond-Point de Dapoya #4',3,'',8,185,'2026-05-21 15:30:01.770041');
INSERT INTO "django_admin_log" VALUES(128,'9356','PAN-120 — Panneau Carrefour Gounghin #4',3,'',8,185,'2026-05-21 15:30:01.770041');
INSERT INTO "django_admin_log" VALUES(129,'9357','PAN-121 — Panneau Rond-Point des Nations Unies #5',3,'',8,185,'2026-05-21 15:30:01.770041');
INSERT INTO "django_admin_log" VALUES(130,'9358','PAN-122 — Panneau Avenue Kwame Nkrumah #5',3,'',8,185,'2026-05-21 15:30:01.770041');
INSERT INTO "django_admin_log" VALUES(131,'9359','PAN-123 — Panneau Marché Rood Woko #5',3,'',8,185,'2026-05-21 15:30:01.770041');
INSERT INTO "django_admin_log" VALUES(132,'9360','PAN-124 — Panneau Carrefour Patte d''Oie #5',3,'',8,185,'2026-05-21 15:30:01.770041');
INSERT INTO "django_admin_log" VALUES(133,'9361','PAN-125 — Panneau Avenue de la Nation #5',3,'',8,185,'2026-05-21 15:30:01.770041');
INSERT INTO "django_admin_log" VALUES(134,'9362','PAN-126 — Panneau Boulevard du 11 Mai #5',3,'',8,185,'2026-05-21 15:30:01.770041');
INSERT INTO "django_admin_log" VALUES(135,'9363','PAN-127 — Panneau Rond-Point de la Poste #5',3,'',8,185,'2026-05-21 15:30:01.770041');
INSERT INTO "django_admin_log" VALUES(136,'9364','PAN-128 — Panneau Avenue Joseph Ki-Zerbo #5',3,'',8,185,'2026-05-21 15:30:01.770041');
INSERT INTO "django_admin_log" VALUES(137,'9365','PAN-129 — Panneau Rue 12.10 #5',3,'',8,185,'2026-05-21 15:30:01.770041');
INSERT INTO "django_admin_log" VALUES(138,'9366','PAN-130 — Panneau Boulevard de la Révolution #5',3,'',8,185,'2026-05-21 15:30:01.770041');
INSERT INTO "django_admin_log" VALUES(139,'9367','PAN-131 — Panneau Avenue Dimdolobsom #5',3,'',8,185,'2026-05-21 15:30:01.770041');
INSERT INTO "django_admin_log" VALUES(140,'9368','PAN-132 — Panneau Rond-Point de l''Unité Africaine #5',3,'',8,185,'2026-05-21 15:30:01.770041');
INSERT INTO "django_admin_log" VALUES(141,'9369','PAN-133 — Panneau Carrefour du 5ème #5',3,'',8,185,'2026-05-21 15:30:01.770041');
INSERT INTO "django_admin_log" VALUES(142,'9370','PAN-134 — Panneau Avenue du Président Yalgado #5',3,'',8,185,'2026-05-21 15:30:01.770041');
INSERT INTO "django_admin_log" VALUES(143,'9371','PAN-135 — Panneau Rond-Point de Kossodo #5',3,'',8,185,'2026-05-21 15:30:01.770041');
INSERT INTO "django_admin_log" VALUES(144,'9372','PAN-136 — Panneau Marché de Gounghin #5',3,'',8,185,'2026-05-21 15:30:01.770041');
INSERT INTO "django_admin_log" VALUES(145,'9373','PAN-137 — Panneau Carrefour An II #5',3,'',8,185,'2026-05-21 15:30:01.770041');
INSERT INTO "django_admin_log" VALUES(146,'9374','PAN-138 — Panneau Rond-Point de l''Entente #5',3,'',8,185,'2026-05-21 15:30:01.770041');
INSERT INTO "django_admin_log" VALUES(147,'9375','PAN-139 — Panneau Avenue de l''Indépendance #5',3,'',8,185,'2026-05-21 15:30:01.770041');
INSERT INTO "django_admin_log" VALUES(148,'9376','PAN-140 — Panneau Rond-Point de Gampéla #5',3,'',8,185,'2026-05-21 15:30:01.770041');
INSERT INTO "django_admin_log" VALUES(149,'9486','ECR-130526-182223 — Ecran BOBO',3,'',8,185,'2026-05-21 15:31:25.731354');
INSERT INTO "django_admin_log" VALUES(150,'9237','PAN-001 — Panneau Rond-Point des Nations Unies #1',3,'',8,185,'2026-05-21 15:31:25.731354');
INSERT INTO "django_admin_log" VALUES(151,'9238','PAN-002 — Panneau Avenue Kwame Nkrumah #1',3,'',8,185,'2026-05-21 15:31:25.731354');
INSERT INTO "django_admin_log" VALUES(152,'9239','PAN-003 — Panneau Marché Rood Woko #1',3,'',8,185,'2026-05-21 15:31:25.731354');
INSERT INTO "django_admin_log" VALUES(153,'9240','PAN-004 — Panneau Carrefour Patte d''Oie #1',3,'',8,185,'2026-05-21 15:31:25.731354');
INSERT INTO "django_admin_log" VALUES(154,'9241','PAN-005 — Panneau Avenue de la Nation #1',3,'',8,185,'2026-05-21 15:31:25.731354');
INSERT INTO "django_admin_log" VALUES(155,'9242','PAN-006 — Panneau Boulevard du 11 Mai #1',3,'',8,185,'2026-05-21 15:31:25.731354');
INSERT INTO "django_admin_log" VALUES(156,'9243','PAN-007 — Panneau Rond-Point de la Poste #1',3,'',8,185,'2026-05-21 15:31:25.732351');
INSERT INTO "django_admin_log" VALUES(157,'9244','PAN-008 — Panneau Avenue Joseph Ki-Zerbo #1',3,'',8,185,'2026-05-21 15:31:25.732351');
INSERT INTO "django_admin_log" VALUES(158,'9245','PAN-009 — Panneau Rue 12.10 #1',3,'',8,185,'2026-05-21 15:31:25.732351');
INSERT INTO "django_admin_log" VALUES(159,'9246','PAN-010 — Panneau Boulevard de la Révolution #1',3,'',8,185,'2026-05-21 15:32:29.749466');
INSERT INTO "django_admin_log" VALUES(160,'9247','PAN-011 — Panneau Avenue Dimdolobsom #1',3,'',8,185,'2026-05-21 15:32:29.750431');
INSERT INTO "django_admin_log" VALUES(161,'9248','PAN-012 — Panneau Rond-Point de l''Unité Africaine #1',3,'',8,185,'2026-05-21 15:32:29.750431');
INSERT INTO "django_admin_log" VALUES(162,'9249','PAN-013 — Panneau Carrefour du 5ème #1',3,'',8,185,'2026-05-21 15:32:29.750431');
INSERT INTO "django_admin_log" VALUES(163,'9250','PAN-014 — Panneau Avenue du Président Yalgado #1',3,'',8,185,'2026-05-21 15:32:29.750431');
INSERT INTO "django_admin_log" VALUES(164,'9251','PAN-015 — Panneau Rond-Point de Kossodo #1',3,'',8,185,'2026-05-21 15:32:29.750431');
INSERT INTO "django_admin_log" VALUES(165,'9252','PAN-016 — Panneau Marché de Gounghin #1',3,'',8,185,'2026-05-21 15:32:29.750431');
INSERT INTO "django_admin_log" VALUES(166,'9253','PAN-017 — Panneau Carrefour An II #1',3,'',8,185,'2026-05-21 15:32:29.750431');
INSERT INTO "django_admin_log" VALUES(167,'9254','PAN-018 — Panneau Rond-Point de l''Entente #1',3,'',8,185,'2026-05-21 15:32:29.750431');
INSERT INTO "django_admin_log" VALUES(168,'9255','PAN-019 — Panneau Avenue de l''Indépendance #1',3,'',8,185,'2026-05-21 15:32:29.750431');
INSERT INTO "django_admin_log" VALUES(169,'9256','PAN-020 — Panneau Rond-Point de Gampéla #1',3,'',8,185,'2026-05-21 15:32:29.750431');
INSERT INTO "django_admin_log" VALUES(170,'9257','PAN-021 — Panneau Carrefour Cissin #1',3,'',8,185,'2026-05-21 15:32:29.750431');
INSERT INTO "django_admin_log" VALUES(171,'9258','PAN-022 — Panneau Marché de Tampouy #1',3,'',8,185,'2026-05-21 15:32:29.750431');
INSERT INTO "django_admin_log" VALUES(172,'9259','PAN-023 — Panneau Rond-Point de Tanghin #1',3,'',8,185,'2026-05-21 15:32:29.750431');
INSERT INTO "django_admin_log" VALUES(173,'9260','PAN-024 — Panneau Carrefour Polesgo #1',3,'',8,185,'2026-05-21 15:32:29.750431');
INSERT INTO "django_admin_log" VALUES(174,'9261','PAN-025 — Panneau Avenue de Koulouba #1',3,'',8,185,'2026-05-21 15:32:29.750431');
INSERT INTO "django_admin_log" VALUES(175,'9262','PAN-026 — Panneau Rond-Point de ZACA #1',3,'',8,185,'2026-05-21 15:32:29.750431');
INSERT INTO "django_admin_log" VALUES(176,'9263','PAN-027 — Panneau Carrefour Ouaga 2000 #1',3,'',8,185,'2026-05-21 15:32:29.750431');
INSERT INTO "django_admin_log" VALUES(177,'9264','PAN-028 — Panneau Boulevard du Grand Sighinoghin #1',3,'',8,185,'2026-05-21 15:32:29.750431');
INSERT INTO "django_admin_log" VALUES(178,'9265','PAN-029 — Panneau Rond-Point de Dapoya #1',3,'',8,185,'2026-05-21 15:32:29.750431');
INSERT INTO "django_admin_log" VALUES(179,'9266','PAN-030 — Panneau Carrefour Gounghin #1',3,'',8,185,'2026-05-21 15:32:29.750431');
INSERT INTO "django_admin_log" VALUES(180,'9267','PAN-031 — Panneau Rond-Point des Nations Unies #2',3,'',8,185,'2026-05-21 15:32:29.750431');
INSERT INTO "django_admin_log" VALUES(181,'9268','PAN-032 — Panneau Avenue Kwame Nkrumah #2',3,'',8,185,'2026-05-21 15:32:29.750431');
INSERT INTO "django_admin_log" VALUES(182,'9269','PAN-033 — Panneau Marché Rood Woko #2',3,'',8,185,'2026-05-21 15:32:29.750431');
INSERT INTO "django_admin_log" VALUES(183,'9270','PAN-034 — Panneau Carrefour Patte d''Oie #2',3,'',8,185,'2026-05-21 15:32:29.750431');
INSERT INTO "django_admin_log" VALUES(184,'9271','PAN-035 — Panneau Avenue de la Nation #2',3,'',8,185,'2026-05-21 15:32:29.750431');
INSERT INTO "django_admin_log" VALUES(185,'9272','PAN-036 — Panneau Boulevard du 11 Mai #2',3,'',8,185,'2026-05-21 15:32:29.750431');
INSERT INTO "django_admin_log" VALUES(186,'9273','PAN-037 — Panneau Rond-Point de la Poste #2',3,'',8,185,'2026-05-21 15:32:29.750431');
INSERT INTO "django_admin_log" VALUES(187,'9274','PAN-038 — Panneau Avenue Joseph Ki-Zerbo #2',3,'',8,185,'2026-05-21 15:32:29.750431');
INSERT INTO "django_admin_log" VALUES(188,'9275','PAN-039 — Panneau Rue 12.10 #2',3,'',8,185,'2026-05-21 15:32:29.750431');
INSERT INTO "django_admin_log" VALUES(189,'9276','PAN-040 — Panneau Boulevard de la Révolution #2',3,'',8,185,'2026-05-21 15:32:29.750431');
INSERT INTO "django_admin_log" VALUES(190,'9277','PAN-041 — Panneau Avenue Dimdolobsom #2',3,'',8,185,'2026-05-21 15:32:29.750431');
INSERT INTO "django_admin_log" VALUES(191,'9278','PAN-042 — Panneau Rond-Point de l''Unité Africaine #2',3,'',8,185,'2026-05-21 15:32:29.750431');
INSERT INTO "django_admin_log" VALUES(192,'9377','PAN-141 — Panneau Carrefour Cissin #5',3,'',8,185,'2026-05-21 15:32:29.750431');
CREATE TABLE "django_content_type" ("id" integer NOT NULL PRIMARY KEY AUTOINCREMENT, "app_label" varchar(100) NOT NULL, "model" varchar(100) NOT NULL);
INSERT INTO "django_content_type" VALUES(1,'admin','logentry');
INSERT INTO "django_content_type" VALUES(2,'auth','permission');
INSERT INTO "django_content_type" VALUES(3,'auth','group');
INSERT INTO "django_content_type" VALUES(4,'contenttypes','contenttype');
INSERT INTO "django_content_type" VALUES(5,'sessions','session');
INSERT INTO "django_content_type" VALUES(6,'accounts','user');
INSERT INTO "django_content_type" VALUES(7,'accounts','auditlog');
INSERT INTO "django_content_type" VALUES(8,'inventory','support');
INSERT INTO "django_content_type" VALUES(9,'inventory','photomaintenance');
INSERT INTO "django_content_type" VALUES(10,'inventory','ecrannumerique');
INSERT INTO "django_content_type" VALUES(11,'inventory','facepanneau');
INSERT INTO "django_content_type" VALUES(12,'campaigns','client');
INSERT INTO "django_content_type" VALUES(13,'campaigns','campagne');
INSERT INTO "django_content_type" VALUES(14,'campaigns','contrat');
INSERT INTO "django_content_type" VALUES(15,'campaigns','lignecampagne');
INSERT INTO "django_content_type" VALUES(16,'planning','logdiffusion');
INSERT INTO "django_content_type" VALUES(17,'campaigns','campagnevisuel');
CREATE TABLE "django_migrations" ("id" integer NOT NULL PRIMARY KEY AUTOINCREMENT, "app" varchar(255) NOT NULL, "name" varchar(255) NOT NULL, "applied" datetime NOT NULL);
INSERT INTO "django_migrations" VALUES(1,'accounts','0001_initial','2026-04-23 11:44:39.563696');
INSERT INTO "django_migrations" VALUES(2,'inventory','0001_initial','2026-04-23 11:44:39.649284');
INSERT INTO "django_migrations" VALUES(3,'campaigns','0001_initial','2026-04-23 11:44:39.884926');
INSERT INTO "django_migrations" VALUES(4,'contenttypes','0001_initial','2026-04-23 11:44:39.896894');
INSERT INTO "django_migrations" VALUES(5,'contenttypes','0002_remove_content_type_name','2026-04-23 11:44:39.933796');
INSERT INTO "django_migrations" VALUES(6,'auth','0001_initial','2026-04-23 11:44:39.982666');
INSERT INTO "django_migrations" VALUES(7,'auth','0002_alter_permission_name_max_length','2026-04-23 11:44:40.004614');
INSERT INTO "django_migrations" VALUES(8,'auth','0003_alter_user_email_max_length','2026-04-23 11:44:40.020564');
INSERT INTO "django_migrations" VALUES(9,'auth','0004_alter_user_username_opts','2026-04-23 11:44:40.039515');
INSERT INTO "django_migrations" VALUES(10,'auth','0005_alter_user_last_login_null','2026-04-23 11:44:40.056468');
INSERT INTO "django_migrations" VALUES(11,'auth','0006_require_contenttypes_0002','2026-04-23 11:44:40.081910');
INSERT INTO "django_migrations" VALUES(12,'auth','0007_alter_validators_add_error_messages','2026-04-23 11:44:40.103851');
INSERT INTO "django_migrations" VALUES(13,'auth','0008_alter_user_username_max_length','2026-04-23 11:44:40.121810');
INSERT INTO "django_migrations" VALUES(14,'auth','0009_alter_user_last_name_max_length','2026-04-23 11:44:40.148740');
INSERT INTO "django_migrations" VALUES(15,'auth','0010_alter_group_name_max_length','2026-04-23 11:44:40.171185');
INSERT INTO "django_migrations" VALUES(16,'auth','0011_update_proxy_permissions','2026-04-23 11:44:40.201625');
INSERT INTO "django_migrations" VALUES(17,'auth','0012_alter_user_first_name_max_length','2026-04-23 11:44:40.218579');
INSERT INTO "django_migrations" VALUES(18,'accounts','0002_initial','2026-04-23 11:44:40.324228');
INSERT INTO "django_migrations" VALUES(19,'admin','0001_initial','2026-04-23 11:44:40.373141');
INSERT INTO "django_migrations" VALUES(20,'admin','0002_logentry_remove_auto_add','2026-04-23 11:44:40.432057');
INSERT INTO "django_migrations" VALUES(21,'admin','0003_logentry_add_action_flag_choices','2026-04-23 11:44:40.454920');
INSERT INTO "django_migrations" VALUES(22,'planning','0001_initial','2026-04-23 11:44:40.531719');
INSERT INTO "django_migrations" VALUES(23,'reports','0001_initial','2026-04-23 11:44:40.537700');
INSERT INTO "django_migrations" VALUES(24,'sessions','0001_initial','2026-04-23 11:44:40.560598');
INSERT INTO "django_migrations" VALUES(25,'campaigns','0002_campagne_contrat','2026-04-29 17:26:58.162312');
INSERT INTO "django_migrations" VALUES(26,'campaigns','0003_contrat_nom','2026-04-29 17:46:00.604192');
INSERT INTO "django_migrations" VALUES(27,'inventory','0002_remove_ecrannumerique_taille_pouces_and_more','2026-04-30 10:23:07.918921');
INSERT INTO "django_migrations" VALUES(28,'inventory','0003_alter_facepanneau_format','2026-04-30 10:34:35.759795');
INSERT INTO "django_migrations" VALUES(29,'inventory','0004_remove_facepanneau_format_support_format','2026-04-30 18:00:14.362553');
INSERT INTO "django_migrations" VALUES(30,'campaigns','0004_remove_lignecampagne_heure_debut_diffusion_and_more','2026-05-05 14:42:17.727175');
INSERT INTO "django_migrations" VALUES(31,'campaigns','0005_remove_lignecampagne_duree_spot_sec_and_more','2026-05-05 15:32:10.346574');
INSERT INTO "django_migrations" VALUES(32,'accounts','0003_auditlog_changes_auditlog_level_auditlog_object_url_and_more','2026-05-13 09:04:52.567543');
INSERT INTO "django_migrations" VALUES(33,'campaigns','0006_alter_campagne_frequence_campagnevisuel','2026-05-14 10:57:25.970781');
INSERT INTO "django_migrations" VALUES(34,'campaigns','0007_remove_campagne_visuel','2026-05-14 11:41:56.457094');
CREATE TABLE "django_session" ("session_key" varchar(40) NOT NULL PRIMARY KEY, "session_data" text NOT NULL, "expire_date" datetime NOT NULL);
INSERT INTO "django_session" VALUES('1r5etkv88ayllpicqt6vjd5xqyi9gm3r','.eJxVjEEOgjAQRe_StWmYFjqtS_ecgUyng0VNSSisjHcXEha6_e_991YDbWsetirLMCV1VeA7dfldI_FTyoHSg8p91jyXdZmiPhR90qr7Ocnrdrp_gUw17-_QkCUPe9-E1ruGPYaGWw4WoxMAmwBBPHbgcKRgkiFCK7ibwhFG9fkC-qE3hA:1wIA9X:qcixx3KmyXzsRM8UfwsH4iqT3ay2DnNUzNkk4nVuxIk','2026-05-13 19:00:55.477011');
INSERT INTO "django_session" VALUES('92kp803y5t58gqt2a24licv8snq43sq7','.eJxVjEEOgjAQRe_StWmYFjqtS_ecgUyng0VNSSisjHcXEha6_e_991YDbWsetirLMCV1VeA7dfldI_FTyoHSg8p91jyXdZmiPhR90qr7Ocnrdrp_gUw17-_QkCUPe9-E1ruGPYaGWw4WoxMAmwBBPHbgcKRgkiFCK7ibwhFG9fkC-qE3hA:1wKWss:Yl0p1_pqEsau-zLSuf7NgXifMQItDctH40cFwUCy1Nk','2026-05-20 07:41:30.069916');
INSERT INTO "django_session" VALUES('3hrrkqippjmn3qdk56xk65l4oiwniyb9','.eJxVjEEOgjAQRe_StWmYFjqtS_ecgUyng0VNSSisjHcXEha6_e_991YDbWsetirLMCV1VeA7dfldI_FTyoHSg8p91jyXdZmiPhR90qr7Ocnrdrp_gUw17-_QkCUPe9-E1ruGPYaGWw4WoxMAmwBBPHbgcKRgkiFCK7ibwhFG9fkC-qE3hA:1wLQgx:h8btdBh39pjfuUHLGmGryoiksZtDHJOYLanQNGm4KBs','2026-05-22 19:16:55.812639');
INSERT INTO "django_session" VALUES('0yoqqxavxm7yyrr41edirultvxll53i8','.eJxVjEEOgjAQRe_StWmYFjqtS_ecgUyng0VNSSisjHcXEha6_e_991YDbWsetirLMCV1VeA7dfldI_FTyoHSg8p91jyXdZmiPhR90qr7Ocnrdrp_gUw17-_QkCUPe9-E1ruGPYaGWw4WoxMAmwBBPHbgcKRgkiFCK7ibwhFG9fkC-qE3hA:1wLnAk:bQ-ktSLCG5v2PaY_KoEMhk62absBTDcmILogeBQl6ik','2026-05-23 19:17:10.411306');
INSERT INTO "django_session" VALUES('skl2zd9pahbtscdqe76wxuqaq8b6qlho','.eJxVjEEOgjAQRe_StWmYFjqtS_ecgUyng0VNSSisjHcXEha6_e_991YDbWsetirLMCV1VeA7dfldI_FTyoHSg8p91jyXdZmiPhR90qr7Ocnrdrp_gUw17-_QkCUPe9-E1ruGPYaGWw4WoxMAmwBBPHbgcKRgkiFCK7ibwhFG9fkC-qE3hA:1wMqFi:aTGOzeDT9nRf4IqTR_lP9pAMhoAu1yJzr4W6QumP6mY','2026-05-26 16:46:38.422913');
INSERT INTO "django_session" VALUES('xzhfv5k9l92wuh34p4kap71kf2brteyc','.eJxVjEEOgjAQRe_StWmYFjqtS_ecgUyng0VNSSisjHcXEha6_e_991YDbWsetirLMCV1VeA7dfldI_FTyoHSg8p91jyXdZmiPhR90qr7Ocnrdrp_gUw17-_QkCUPe9-E1ruGPYaGWw4WoxMAmwBBPHbgcKRgkiFCK7ibwhFG9fkC-qE3hA:1wN4ch:TgbsZax6IpvIkvlrBdsv_vlKo7EFA_bb8TmUeiS0Gys','2026-05-27 08:07:19.185478');
INSERT INTO "django_session" VALUES('2g1oqhk24mn5rv9wq6ze7g26wtgm0y2t','.eJxVjEEOgjAQRe_StWmYFjqtS_ecgUyng0VNSSisjHcXEha6_e_991YDbWsetirLMCV1VeA7dfldI_FTyoHSg8p91jyXdZmiPhR90qr7Ocnrdrp_gUw17-_QkCUPe9-E1ruGPYaGWw4WoxMAmwBBPHbgcKRgkiFCK7ibwhFG9fkC-qE3hA:1wPNfN:ENBqYG-37z1DKNhnt4D1S1QxkRlJTQG9L6tLYhdECaw','2026-06-02 16:51:37.741712');
INSERT INTO "django_session" VALUES('ppxqhsmja0aigi0sh9aaqmqk0d6uiys6','.eJxVjEEOgjAQRe_StWmYFjqtS_ecgUyng0VNSSisjHcXEha6_e_991YDbWsetirLMCV1VeA7dfldI_FTyoHSg8p91jyXdZmiPhR90qr7Ocnrdrp_gUw17-_QkCUPe9-E1ruGPYaGWw4WoxMAmwBBPHbgcKRgkiFCK7ibwhFG9fkC-qE3hA:1wQ4Kh:wzdph33xcbZJLutCbInCApqDpg16tD8xpCiPYxpw5Mw','2026-06-04 14:25:07.874700');
CREATE TABLE "inventory_ecrannumerique" ("id" integer NOT NULL PRIMARY KEY AUTOINCREMENT, "type_ecran" varchar(20) NOT NULL, "resolution" varchar(10) NOT NULL, "heure_allumage" time NOT NULL, "heure_extinction" time NOT NULL, "support_id" bigint NOT NULL UNIQUE REFERENCES "inventory_support" ("id") DEFERRABLE INITIALLY DEFERRED, "cellule" varchar(10) NOT NULL);
INSERT INTO "inventory_ecrannumerique" VALUES(445,'exterieur','fullhd','06:00:00','22:00:00',9427,'6x4');
INSERT INTO "inventory_ecrannumerique" VALUES(446,'exterieur','fullhd','06:00:00','22:00:00',9428,'6x4');
INSERT INTO "inventory_ecrannumerique" VALUES(447,'exterieur','hd','06:00:00','22:00:00',9429,'6x4');
INSERT INTO "inventory_ecrannumerique" VALUES(448,'exterieur','4k','06:00:00','22:00:00',9430,'6x4');
INSERT INTO "inventory_ecrannumerique" VALUES(449,'exterieur','hd','06:00:00','22:00:00',9431,'6x4');
INSERT INTO "inventory_ecrannumerique" VALUES(450,'exterieur','4k','06:00:00','22:00:00',9432,'6x4');
INSERT INTO "inventory_ecrannumerique" VALUES(451,'exterieur','4k','06:00:00','22:00:00',9433,'6x4');
INSERT INTO "inventory_ecrannumerique" VALUES(452,'exterieur','hd','06:00:00','22:00:00',9434,'6x4');
CREATE TABLE "inventory_facepanneau" ("id" integer NOT NULL PRIMARY KEY AUTOINCREMENT, "label" varchar(1) NOT NULL, "eclairage" varchar(10) NOT NULL, "notes" text NOT NULL, "support_id" bigint NOT NULL REFERENCES "inventory_support" ("id") DEFERRABLE INITIALLY DEFERRED);
INSERT INTO "inventory_facepanneau" VALUES(17962,'A','non','',9437);
INSERT INTO "inventory_facepanneau" VALUES(17963,'B','led','',9437);
INSERT INTO "inventory_facepanneau" VALUES(17964,'A','non','',9438);
INSERT INTO "inventory_facepanneau" VALUES(17965,'B','frontlit','',9438);
INSERT INTO "inventory_facepanneau" VALUES(17966,'A','led','',9439);
INSERT INTO "inventory_facepanneau" VALUES(17967,'B','non','',9439);
INSERT INTO "inventory_facepanneau" VALUES(17968,'A','non','',9440);
INSERT INTO "inventory_facepanneau" VALUES(17969,'B','led','',9440);
INSERT INTO "inventory_facepanneau" VALUES(17970,'A','non','',9441);
INSERT INTO "inventory_facepanneau" VALUES(17971,'B','frontlit','',9441);
INSERT INTO "inventory_facepanneau" VALUES(17972,'A','backlit','',9442);
INSERT INTO "inventory_facepanneau" VALUES(17973,'B','frontlit','',9442);
INSERT INTO "inventory_facepanneau" VALUES(17974,'A','led','',9443);
INSERT INTO "inventory_facepanneau" VALUES(17975,'B','frontlit','',9443);
INSERT INTO "inventory_facepanneau" VALUES(17976,'A','led','',9444);
INSERT INTO "inventory_facepanneau" VALUES(17977,'B','frontlit','',9444);
INSERT INTO "inventory_facepanneau" VALUES(17978,'A','backlit','',9445);
INSERT INTO "inventory_facepanneau" VALUES(17979,'B','non','',9445);
INSERT INTO "inventory_facepanneau" VALUES(17980,'A','backlit','',9446);
INSERT INTO "inventory_facepanneau" VALUES(17981,'B','non','',9446);
INSERT INTO "inventory_facepanneau" VALUES(17982,'A','non','',9447);
INSERT INTO "inventory_facepanneau" VALUES(17983,'B','led','',9447);
INSERT INTO "inventory_facepanneau" VALUES(17984,'A','backlit','',9448);
INSERT INTO "inventory_facepanneau" VALUES(17985,'B','frontlit','',9448);
INSERT INTO "inventory_facepanneau" VALUES(17986,'A','non','',9449);
INSERT INTO "inventory_facepanneau" VALUES(17987,'B','non','',9449);
INSERT INTO "inventory_facepanneau" VALUES(17988,'A','led','',9450);
INSERT INTO "inventory_facepanneau" VALUES(17989,'B','frontlit','',9450);
INSERT INTO "inventory_facepanneau" VALUES(17990,'A','led','',9451);
INSERT INTO "inventory_facepanneau" VALUES(17991,'B','non','',9451);
INSERT INTO "inventory_facepanneau" VALUES(17992,'A','led','',9452);
INSERT INTO "inventory_facepanneau" VALUES(17993,'B','led','',9452);
INSERT INTO "inventory_facepanneau" VALUES(17994,'A','backlit','',9453);
INSERT INTO "inventory_facepanneau" VALUES(17995,'B','led','',9453);
INSERT INTO "inventory_facepanneau" VALUES(17996,'A','backlit','',9454);
INSERT INTO "inventory_facepanneau" VALUES(17997,'B','frontlit','',9454);
INSERT INTO "inventory_facepanneau" VALUES(17998,'A','led','',9455);
INSERT INTO "inventory_facepanneau" VALUES(17999,'B','led','',9455);
INSERT INTO "inventory_facepanneau" VALUES(18000,'A','backlit','',9456);
INSERT INTO "inventory_facepanneau" VALUES(18001,'B','frontlit','',9456);
INSERT INTO "inventory_facepanneau" VALUES(18002,'A','led','',9457);
INSERT INTO "inventory_facepanneau" VALUES(18003,'B','led','',9457);
INSERT INTO "inventory_facepanneau" VALUES(18004,'A','backlit','',9458);
INSERT INTO "inventory_facepanneau" VALUES(18005,'B','frontlit','',9458);
INSERT INTO "inventory_facepanneau" VALUES(18006,'A','led','',9459);
INSERT INTO "inventory_facepanneau" VALUES(18007,'B','non','',9459);
INSERT INTO "inventory_facepanneau" VALUES(18008,'A','non','',9460);
INSERT INTO "inventory_facepanneau" VALUES(18009,'B','non','',9460);
INSERT INTO "inventory_facepanneau" VALUES(18010,'A','non','',9461);
INSERT INTO "inventory_facepanneau" VALUES(18011,'B','non','',9461);
INSERT INTO "inventory_facepanneau" VALUES(18012,'A','non','',9462);
INSERT INTO "inventory_facepanneau" VALUES(18013,'B','frontlit','',9462);
INSERT INTO "inventory_facepanneau" VALUES(18014,'A','non','',9463);
INSERT INTO "inventory_facepanneau" VALUES(18015,'B','frontlit','',9463);
INSERT INTO "inventory_facepanneau" VALUES(18016,'A','led','',9464);
INSERT INTO "inventory_facepanneau" VALUES(18017,'B','frontlit','',9464);
INSERT INTO "inventory_facepanneau" VALUES(18018,'A','led','',9465);
INSERT INTO "inventory_facepanneau" VALUES(18019,'B','led','',9465);
INSERT INTO "inventory_facepanneau" VALUES(18020,'A','led','',9466);
INSERT INTO "inventory_facepanneau" VALUES(18021,'B','frontlit','',9466);
INSERT INTO "inventory_facepanneau" VALUES(18022,'A','non','',9467);
INSERT INTO "inventory_facepanneau" VALUES(18023,'B','led','',9467);
INSERT INTO "inventory_facepanneau" VALUES(18024,'A','backlit','',9468);
INSERT INTO "inventory_facepanneau" VALUES(18025,'B','frontlit','',9468);
INSERT INTO "inventory_facepanneau" VALUES(18026,'A','backlit','',9469);
INSERT INTO "inventory_facepanneau" VALUES(18027,'B','non','',9469);
INSERT INTO "inventory_facepanneau" VALUES(18028,'A','led','',9470);
INSERT INTO "inventory_facepanneau" VALUES(18029,'B','non','',9470);
INSERT INTO "inventory_facepanneau" VALUES(18030,'A','non','',9471);
INSERT INTO "inventory_facepanneau" VALUES(18031,'B','non','',9471);
INSERT INTO "inventory_facepanneau" VALUES(18032,'A','non','',9472);
INSERT INTO "inventory_facepanneau" VALUES(18033,'B','led','',9472);
INSERT INTO "inventory_facepanneau" VALUES(18034,'A','non','',9473);
INSERT INTO "inventory_facepanneau" VALUES(18035,'B','frontlit','',9473);
INSERT INTO "inventory_facepanneau" VALUES(18036,'A','led','',9474);
INSERT INTO "inventory_facepanneau" VALUES(18037,'B','frontlit','',9474);
INSERT INTO "inventory_facepanneau" VALUES(18038,'A','backlit','',9475);
INSERT INTO "inventory_facepanneau" VALUES(18039,'B','non','',9475);
INSERT INTO "inventory_facepanneau" VALUES(18040,'A','backlit','',9476);
INSERT INTO "inventory_facepanneau" VALUES(18041,'B','led','',9476);
INSERT INTO "inventory_facepanneau" VALUES(18042,'A','backlit','',9477);
INSERT INTO "inventory_facepanneau" VALUES(18043,'B','non','',9477);
INSERT INTO "inventory_facepanneau" VALUES(18044,'A','non','',9478);
INSERT INTO "inventory_facepanneau" VALUES(18045,'B','non','',9478);
INSERT INTO "inventory_facepanneau" VALUES(18046,'A','backlit','',9479);
INSERT INTO "inventory_facepanneau" VALUES(18047,'B','led','',9479);
INSERT INTO "inventory_facepanneau" VALUES(18048,'A','non','',9480);
INSERT INTO "inventory_facepanneau" VALUES(18049,'B','non','',9480);
INSERT INTO "inventory_facepanneau" VALUES(18050,'A','non','',9481);
INSERT INTO "inventory_facepanneau" VALUES(18051,'B','non','',9481);
INSERT INTO "inventory_facepanneau" VALUES(18052,'A','non','',9482);
INSERT INTO "inventory_facepanneau" VALUES(18053,'B','frontlit','',9482);
INSERT INTO "inventory_facepanneau" VALUES(18054,'A','backlit','',9483);
INSERT INTO "inventory_facepanneau" VALUES(18055,'B','frontlit','',9483);
INSERT INTO "inventory_facepanneau" VALUES(18056,'A','non','',9484);
INSERT INTO "inventory_facepanneau" VALUES(18057,'B','led','',9484);
CREATE TABLE "inventory_photomaintenance" ("id" integer NOT NULL PRIMARY KEY AUTOINCREMENT, "photo" varchar(100) NOT NULL, "legende" varchar(200) NOT NULL, "uploaded_at" datetime NOT NULL, "etat_apres" varchar(20) NOT NULL, "uploaded_by_id" bigint NULL REFERENCES "accounts_user" ("id") DEFERRABLE INITIALLY DEFERRED, "support_id" bigint NOT NULL REFERENCES "inventory_support" ("id") DEFERRABLE INITIALLY DEFERRED);
INSERT INTO "inventory_photomaintenance" VALUES(5,'proofs/user-03_gUaKFz9.jpg','bon','2026-05-08 18:01:27.554467','bon',185,9434);
CREATE TABLE "inventory_support" ("id" integer NOT NULL PRIMARY KEY AUTOINCREMENT, "code" varchar(30) NOT NULL UNIQUE, "nom" varchar(200) NOT NULL, "type_support" varchar(10) NOT NULL, "latitude" decimal NOT NULL, "longitude" decimal NOT NULL, "adresse" varchar(300) NOT NULL, "ville" varchar(100) NOT NULL, "quartier" varchar(100) NOT NULL, "etat" varchar(20) NOT NULL, "date_installation" date NOT NULL, "notes" text NOT NULL, "photo_principale" varchar(100) NULL, "created_at" datetime NOT NULL, "updated_at" datetime NOT NULL, "created_by_id" bigint NULL REFERENCES "accounts_user" ("id") DEFERRABLE INITIALLY DEFERRED, "format" varchar(20) NOT NULL);
INSERT INTO "inventory_support" VALUES(9427,'ECR-001','(N UNIES) Rond point des nations unies','ecran',12.3713079,-1.5194274,'Rond point des nations unies, Ouagadougou','Ouagadougou','Zogona','bon','2026-04-29','','','2026-04-29 19:00:44.935125','2026-05-21 17:17:07.429637',185,'');
INSERT INTO "inventory_support" VALUES(9428,'ECR-002','(B.VILLE) Croisement Dignité / Route 17-36 Bonheur ville','ecran',12.3233321,-1.5523731,'Croisement av de la dignité / route 17-36 Bonheur ville, Ouagadougou','Ouagadougou','Bonheur ville','bon','2026-04-29','','photos/LOGO-PROMO-PUB-entete-Copie.png','2026-04-29 19:00:44.953078','2026-05-21 17:17:46.679822',185,'');
INSERT INTO "inventory_support" VALUES(9429,'ECR-003','(GOUNGHIN) Croisement Kadiogo / DSTM Gounghin (face SGBF)','ecran',12.3596283,-1.5428283,'Croisement av Kadiogo / goudron DSTM Gounghin en face de la SGBF, Ouagadougou','Ouagadougou','Gounghin','bon','2026-04-29','','photos/logo-integral-entete-2_r2D9syj.png','2026-04-29 19:00:44.968291','2026-05-21 17:18:25.584832',185,'');
INSERT INTO "inventory_support" VALUES(9430,'ECR-004','(M.NAABA) Av Bassawarga Mogho Naaba','ecran',12.3564001,-1.5273224,'Avenue Bassawarga Mogho Naaba, Ouagadougou','Ouagadougou','Bassawarga','bon','2026-04-29','','','2026-04-29 19:00:44.987246','2026-05-21 17:19:18.662375',185,'');
INSERT INTO "inventory_support" VALUES(9431,'ECR-005','(ASECNA) Croisement Bassawarga / Av Lamizana ASECNA','ecran',12.3468462,-1.5266722,'Croisement Bassawarga / Avenue président Lamizana ASECNA, Ouagadougou','Ouagadougou','Bassawarga','bon','2026-04-29','','','2026-04-29 19:00:45.007193','2026-05-21 17:19:44.948968',185,'');
INSERT INTO "inventory_support" VALUES(9432,'ECR-006','(MELYS) Rond point Tanghin - Melkys (côté Schiphra)','ecran',12.390427,-1.5167459,'Rond point de Tanghin Melkys à côté de Schiphra, Ouagadougou','Ouagadougou','Tanghin','bon','2026-04-29','','','2026-04-29 19:00:45.021014','2026-05-21 17:20:12.320597',185,'');
INSERT INTO "inventory_support" VALUES(9433,'ECR-007','(LARLE) Larlé av Yatenga face station OLA OIL','ecran',12.3754003,-1.5418242,'Larlé avenue du Yatenga face à la station OLA OIL, Ouagadougou','Ouagadougou','Larlé','bon','2026-04-29','','','2026-04-29 19:00:45.036743','2026-05-21 17:21:00.560078',185,'');
INSERT INTO "inventory_support" VALUES(9434,'ECR-008','(CDG) Blvd Thomas Sankara - Alimentation La Surface','ecran',12.376207,-1.4938302,'Boulevard Thomas Sankara alimentation La Surface, Ouagadougou','Ouagadougou','Thomas Sankara','bon','2026-04-29','','','2026-04-29 19:00:45.054158','2026-05-21 17:23:00.768084',185,'');
INSERT INTO "inventory_support" VALUES(9437,'BOB-001','Av unité, Place TIEFO AMORO - mur RAN Hôtel (face SITARAIL) A','panneau',11.1778333,-4.3058889,'Av de l''unité, Place TIEFO AMORO, Bobo-Dioulasso','Bobo-Dioulasso','Centre','bon','2026-04-29','','','2026-04-29 19:00:45.107593','2026-05-11 21:25:23.549274',185,'4x3');
INSERT INTO "inventory_support" VALUES(9438,'BOB-002','Av unité, Place TIEFO AMORO - entrée RAN Hôtel (face SITARAIL) B','panneau',11.1774444,-4.3060833,'Av de l''unité, Place TIEFO AMORO, Bobo-Dioulasso','Bobo-Dioulasso','Centre','maintenance','2026-04-29','','','2026-04-29 19:00:45.130524','2026-04-29 19:00:45.130524',185,'');
INSERT INTO "inventory_support" VALUES(9439,'BOB-003','Av Liberté, Rond point Paysan - face station Petrofa A&B','panneau',11.1839722,-4.2961389,'Avenue de la Liberté, rond point place du Paysan, Bobo-Dioulasso','Bobo-Dioulasso','Paysan','bon','2026-04-29','','','2026-04-29 19:00:45.164435','2026-04-29 19:00:45.164435',185,'');
INSERT INTO "inventory_support" VALUES(9440,'BOB-004','Av Liberté, Rond point Paysan - côté gouverneur Binger A&B','panneau',11.1841457,-4.29587,'Avenue de la liberté, rond point place du Paysan, Bobo-Dioulasso','Bobo-Dioulasso','Paysan','bon','2026-04-29','','','2026-04-29 19:00:45.191364','2026-04-29 19:00:45.191364',185,'');
INSERT INTO "inventory_support" VALUES(9441,'BOB-005','Rt Dédougou / Rue NAZI BONI - après station Amira Oil A&B','panneau',11.20675,-4.2888611,'Route de Dédougou - Rue NAZI BONI, Bobo-Dioulasso','Bobo-Dioulasso','Dédougou','bon','2026-04-29','','','2026-04-29 19:00:45.219810','2026-04-29 19:00:45.219810',185,'');
INSERT INTO "inventory_support" VALUES(9442,'BOB-006','Rt Dédougou / Rue NAZI BONI - mur marché des ânes (Access Oil) A&B','panneau',11.2056021,-4.2891786,'Route de Dédougou - Rue NAZI BONI, Bobo-Dioulasso','Bobo-Dioulasso','Dédougou','bon','2026-04-29','','','2026-04-29 19:00:45.246738','2026-04-29 19:00:45.246738',185,'');
INSERT INTO "inventory_support" VALUES(9443,'BOB-007','Rt Faramana - face station Access Oil Forces vives A&B','panneau',11.1974218,-4.3010163,'Route de Faramana, Bobo-Dioulasso','Bobo-Dioulasso','Faramana','bon','2026-04-29','','','2026-04-29 19:00:45.316551','2026-05-11 22:13:25.867594',185,'gm-4x4');
INSERT INTO "inventory_support" VALUES(9444,'BOB-008','Rt Faramana - face clinique dentaire Yéguéré (avant passage à niveau)','panneau',11.20075,-4.3025556,'Route de Faramana, Bobo-Dioulasso','Bobo-Dioulasso','Faramana','bon','2026-04-29','','','2026-04-29 19:00:45.335500','2026-04-29 19:00:45.335500',185,'');
INSERT INTO "inventory_support" VALUES(9445,'BOB-009','Blvd Révolution - après feu station SKI / avant banque Atlantique A&B','panneau',11.1860278,-4.2985757,'Boulevard de la révolution, Bobo-Dioulasso','Bobo-Dioulasso','Révolution','bon','2026-04-29','','','2026-04-29 19:00:45.356444','2026-04-29 19:00:45.356444',185,'');
INSERT INTO "inventory_support" VALUES(9446,'BOB-010','Blvd Révolution - après société transport Staff / mosquée A&B','panneau',11.186708,-4.3036577,'Boulevard de la révolution, Bobo-Dioulasso','Bobo-Dioulasso','Révolution','maintenance','2026-04-29','','','2026-04-29 19:00:45.375393','2026-04-29 19:00:45.375393',185,'');
INSERT INTO "inventory_support" VALUES(9447,'BOB-011','Blvd Révolution / Rue 21.01 - feu mur lycée mixte Accart ville A&B','panneau',11.1879444,-4.3148056,'Intersection Boulevard de la Révolution-Rue 21.01, Bobo-Dioulasso','Bobo-Dioulasso','Accart ville','bon','2026-04-29','','','2026-04-29 19:00:45.394344','2026-04-29 19:00:45.394344',185,'');
INSERT INTO "inventory_support" VALUES(9448,'BOB-012','Blvd Révolution - face station Access (avant feu) A&B','panneau',11.1883611,-4.3180833,'Boulevard de la révolution, Bobo-Dioulasso','Bobo-Dioulasso','Révolution','bon','2026-04-29','','','2026-04-29 19:00:45.412302','2026-04-29 19:00:45.412302',185,'');
INSERT INTO "inventory_support" VALUES(9449,'BOB-013','Blvd Révolution - face entrée stade Gal Lamizana A&B','panneau',11.1902222,-4.3292778,'Boulevard de la révolution, Bobo-Dioulasso','Bobo-Dioulasso','Stade','bon','2026-04-29','','','2026-04-29 19:00:45.439222','2026-04-29 19:00:45.439222',185,'');
INSERT INTO "inventory_support" VALUES(9450,'BOB-014','Rue Belle Ville - avant station PEFAN A&B','panneau',11.1776944,-4.3331389,'Rue belle ville, Bobo-Dioulasso','Bobo-Dioulasso','Belle Ville','bon','2026-04-29','','','2026-04-29 19:00:45.458172','2026-04-29 19:00:45.458172',185,'');
INSERT INTO "inventory_support" VALUES(9451,'BOB-015','Rue Belle Ville - mur base aérienne / dépôt Prestige Oil A&B','panneau',11.1762778,-4.3295556,'Rue belle ville, Bobo-Dioulasso','Bobo-Dioulasso','Belle Ville','bon','2026-04-29','','','2026-04-29 19:00:45.476528','2026-04-29 19:00:45.476528',185,'');
INSERT INTO "inventory_support" VALUES(9452,'BOB-016','Rt Aéroport / Carrefour Blaise-Kadhafi - mur aéroport 1er panneau','panneau',11.1656519,-4.3147996,'Route de l''aéroport, carrefour Blaise-Kadhafi, Bobo-Dioulasso','Bobo-Dioulasso','Aéroport','bon','2026-04-29','','','2026-04-29 19:00:45.497038','2026-04-29 19:00:45.497038',185,'');
INSERT INTO "inventory_support" VALUES(9453,'BOB-017','Rt Aéroport / Carrefour Blaise-Kadhafi - mur aéroport 2e panneau','panneau',11.166019,-4.3145571,'Route de l''aéroport, carrefour Blaise-Kadhafi, Bobo-Dioulasso','Bobo-Dioulasso','Aéroport','bon','2026-04-29','','','2026-04-29 19:00:45.512123','2026-04-29 19:00:45.512123',185,'');
INSERT INTO "inventory_support" VALUES(9454,'BOB-018','Av Indépendance - face usine BRAKINA Bobo A&B','panneau',11.1668611,-4.3095278,'Avenue de l''indépendance, Bobo-Dioulasso','Bobo-Dioulasso','Indépendance','bon','2026-04-29','','','2026-04-29 19:00:45.530076','2026-04-29 19:00:45.530076',185,'');
INSERT INTO "inventory_support" VALUES(9455,'BOB-019','Av Indépendance - feu camp militaire / face cimetière militaire A&B','panneau',11.1687778,-4.3036111,'Avenue de l''indépendance, Bobo-Dioulasso','Bobo-Dioulasso','Indépendance','bon','2026-04-29','','','2026-04-29 19:00:45.550023','2026-04-29 19:00:45.550023',185,'');
INSERT INTO "inventory_support" VALUES(9456,'BOB-020','Rt Banfora Lafiabougou - face SONABEL A&B','panneau',11.15075,-4.3155556,'Route de Banfora, Lafiabougou, Bobo-Dioulasso','Bobo-Dioulasso','Banfora','panne','2026-04-29','','','2026-04-29 19:00:45.564982','2026-04-29 19:00:45.564982',185,'');
INSERT INTO "inventory_support" VALUES(9457,'BOB-021','Rt Banfora - avant feu intersection / côté EERI-BF A&B','panneau',11.1467778,-4.3164167,'Route de Banfora, Bobo-Dioulasso','Bobo-Dioulasso','Banfora','bon','2026-04-29','','','2026-04-29 19:00:45.580750','2026-04-29 19:00:45.581750',185,'');
INSERT INTO "inventory_support" VALUES(9458,'BOB-022','Rt Banfora sortie Bobo - après Access Oil / lycée Ki Zerbo I A&B','panneau',11.1306667,-4.3236389,'Route de Banfora, sortie Bobo, Bobo-Dioulasso','Bobo-Dioulasso','Banfora','bon','2026-04-29','','','2026-04-29 19:00:45.598257','2026-04-29 19:00:45.599255',185,'');
INSERT INTO "inventory_support" VALUES(9459,'BOB-023','Rt Orodara - mur aéroport / après pharmacie Harmonie A&B','panneau',11.1581111,-4.3209444,'Route de Orodara, Bobo-Dioulasso','Bobo-Dioulasso','Orodara','bon','2026-04-29','','','2026-04-29 19:00:45.615212','2026-04-29 19:00:45.615212',185,'');
INSERT INTO "inventory_support" VALUES(9460,'BOB-024','Rt Orodara - après usine Twelium de Samanga A&B','panneau',11.1466111,-4.3739167,'Route de Orodara, Bobo-Dioulasso','Bobo-Dioulasso','Orodara','bon','2026-04-29','','','2026-04-29 19:00:45.634162','2026-04-29 19:00:45.634162',185,'');
INSERT INTO "inventory_support" VALUES(9461,'BOB-025','Av Gal de Gaulle - avant intersection Rue Vincens / complexe scolaire A&B','panneau',11.1720833,-4.2751389,'Avenue du Général de Gaulle, Bobo-Dioulasso','Bobo-Dioulasso','De Gaulle','maintenance','2026-04-29','','','2026-04-29 19:00:45.652116','2026-04-29 19:00:45.652116',185,'');
INSERT INTO "inventory_support" VALUES(9462,'BOB-026','Blvd Chalone Champagne - feu face Rp place de la Femme / Shell A&B','panneau',11.1713333,-4.2686111,'Boulevard Chalone en champagne, Bobo-Dioulasso','Bobo-Dioulasso','Champagne','bon','2026-04-29','','','2026-04-29 19:00:45.669025','2026-04-29 19:00:45.669025',185,'');
INSERT INTO "inventory_support" VALUES(9463,'BOB-027','Blvd Chalone Champagne - côté alimentation Watta / maison culture A','panneau',11.1686111,-4.2717778,'Boulevard Chalone en champagne, Bobo-Dioulasso','Bobo-Dioulasso','Champagne','bon','2026-04-29','','','2026-04-29 19:00:45.687396','2026-04-29 19:00:45.687396',185,'');
INSERT INTO "inventory_support" VALUES(9464,'BOB-028','Blvd Chalone Champagne - entre maison culture et mur mairie A&B','panneau',11.1623056,-4.2789167,'Boulevard Chalone en champagne, Bobo-Dioulasso','Bobo-Dioulasso','Champagne','bon','2026-04-29','','','2026-04-29 19:00:45.707555','2026-04-29 19:00:45.707555',185,'');
INSERT INTO "inventory_support" VALUES(9465,'BOB-029','Blvd Chalone Champagne - face maison culture avant entrée mairie A&B','panneau',11.1618889,-4.2789722,'Boulevard Chalone en champagne, Bobo-Dioulasso','Bobo-Dioulasso','Champagne','bon','2026-04-29','','','2026-04-29 19:00:45.725357','2026-04-29 19:00:45.725357',185,'');
INSERT INTO "inventory_support" VALUES(9466,'BOB-030','Av Louveau - avant Rp du cinquantenaire / bar VIP A&B','panneau',11.1562778,-4.2853333,'Avenue Louveau, Bobo-Dioulasso','Bobo-Dioulasso','Louveau','bon','2026-04-29','','','2026-04-29 19:00:45.743642','2026-04-29 19:00:45.743642',185,'');
INSERT INTO "inventory_support" VALUES(9467,'BOB-031','Av Louveau - 30m du Rp cinquantenaire / laboratoire ONEA A&B','panneau',11.1569632,-4.2861648,'Avenue Louveau, Bobo-Dioulasso','Bobo-Dioulasso','Louveau','bon','2026-04-29','','','2026-04-29 19:00:45.763861','2026-04-29 19:00:45.763861',185,'');
INSERT INTO "inventory_support" VALUES(9468,'BOB-032','Av Louveau - après station / mur gendarmerie A&B','panneau',11.1613333,-4.2904167,'Avenue Louveau, Bobo-Dioulasso','Bobo-Dioulasso','Louveau','bon','2026-04-29','','','2026-04-29 19:00:45.779818','2026-04-29 19:00:45.779818',185,'');
INSERT INTO "inventory_support" VALUES(9469,'BOB-033','Rue Pepin Malherbe Sikasso Sira - après PN / maquis crépuscule A&B','panneau',11.1746667,-4.3106389,'Rue Pepin Malherbe, Sikasso Sira, Petit Paris, Bobo-Dioulasso','Bobo-Dioulasso','Sikasso Sira','bon','2026-04-29','','','2026-04-29 19:00:45.796773','2026-04-29 19:00:45.796773',185,'');
INSERT INTO "inventory_support" VALUES(9470,'BOB-034','Rue Vincens - intersection Blvd De Gaulle / résidence 4 horizons A','panneau',11.1721083,-4.2736333,'Rue Vincens, Bobo-Dioulasso','Bobo-Dioulasso','Vincens','bon','2026-04-29','','','2026-04-29 19:00:45.810735','2026-04-29 19:00:45.811735',185,'');
INSERT INTO "inventory_support" VALUES(9471,'BOB-035','Rue Vincens - après intersection De Gaulle / côté maquis 25h A&B','panneau',11.1723611,-4.27375,'Rue Vincens, Bobo-Dioulasso','Bobo-Dioulasso','Vincens','bon','2026-04-29','','','2026-04-29 19:00:45.828688','2026-04-29 19:00:45.828688',185,'');
INSERT INTO "inventory_support" VALUES(9472,'BOB-036','Rue Vincens - après intersection De Gaulle / lycée Ouézzin A&B','panneau',11.172607,-4.2743615,'Rue Vincens, Bobo-Dioulasso','Bobo-Dioulasso','Vincens','bon','2026-04-29','','','2026-04-29 19:00:45.844645','2026-04-29 19:00:45.845648',185,'');
INSERT INTO "inventory_support" VALUES(9473,'BOB-037','Rue Vincens - mur lycée Ouézzin Coulibaly A&B','panneau',11.1726085,-4.274659,'Rue Vincens, Bobo-Dioulasso','Bobo-Dioulasso','Vincens','maintenance','2026-04-29','','','2026-04-29 19:00:45.864592','2026-04-29 19:00:45.864592',185,'');
INSERT INTO "inventory_support" VALUES(9474,'BOB-038','Rue Vincens - face station Petrodis / avant pharmacie Sya A&B','panneau',11.1739722,-4.2777222,'Rue Vincens, Bobo-Dioulasso','Bobo-Dioulasso','Vincens','bon','2026-04-29','','','2026-04-29 19:00:45.881548','2026-04-29 19:00:45.881548',185,'');
INSERT INTO "inventory_support" VALUES(9475,'BOB-039','Rt Ouaga entrée Bobo - côté Wendkuni Bank / face Shell A&B','panneau',11.1703398,-4.2532413,'Route de Ouaga, entrée de Bobo, Bobo-Dioulasso','Bobo-Dioulasso','Entrée Ouaga','bon','2026-04-29','','','2026-04-29 19:00:45.901498','2026-04-29 19:00:45.901498',185,'');
INSERT INTO "inventory_support" VALUES(9476,'BOB-040','Rt Ouaga entrée Bobo - côté douane / carrière A&B','panneau',11.1580278,-4.2004722,'Route de Ouaga, entrée de Bobo, Bobo-Dioulasso','Bobo-Dioulasso','Entrée Ouaga','bon','2026-04-29','','','2026-04-29 19:00:45.924783','2026-04-29 19:00:45.924783',185,'');
INSERT INTO "inventory_support" VALUES(9477,'BOB-041','Blvd Nelson Mandela - face commissariat de Dafra A&B','panneau',11.18275,-4.2671111,'Boulevard Nelson Mandela, Bobo-Dioulasso','Bobo-Dioulasso','Dafra','bon','2026-04-29','','','2026-04-29 19:00:45.950713','2026-04-29 19:00:45.950713',185,'');
INSERT INTO "inventory_support" VALUES(9478,'BOB-042','Blvd Révolution Léguéma - face feu station Shell A','panneau',11.1833611,-4.2789167,'Boulevard de la révolution route de Léguéma, Bobo-Dioulasso','Bobo-Dioulasso','Révolution','bon','2026-04-29','','','2026-04-29 19:00:45.974649','2026-04-29 19:00:45.974649',185,'');
INSERT INTO "inventory_support" VALUES(9479,'BOB-043','Blvd Révolution - après station SKI / lycée Tounouma A&B','panneau',11.1839444,-4.2837222,'Boulevard de la révolution, Bobo-Dioulasso','Bobo-Dioulasso','Révolution','bon','2026-04-29','','','2026-04-29 19:00:45.995593','2026-04-29 19:00:45.995593',185,'');
INSERT INTO "inventory_support" VALUES(9480,'BOB-044','Blvd Chalone Champagne - face Rp place Femme géant 40m² A&B','panneau',11.1713611,-4.269,'Boulevard Chalone en champagne, Bobo-Dioulasso','Bobo-Dioulasso','Champagne','bon','2026-04-29','','','2026-04-29 19:00:46.015538','2026-04-29 19:00:46.015538',185,'');
INSERT INTO "inventory_support" VALUES(9481,'BOB-045','Blvd Chalone Champagne - après mairie/maison culture / gare Elitis A&B','panneau',11.1601389,-4.2807222,'Boulevard Chalone en champagne, Bobo-Dioulasso','Bobo-Dioulasso','Champagne','maintenance','2026-04-29','','','2026-04-29 19:00:46.035192','2026-04-29 19:00:46.035192',185,'');
INSERT INTO "inventory_support" VALUES(9482,'BOB-046','Blvd Révolution - après station SKI / lycée Tounouma géant A&B','panneau',11.1839722,-4.2832778,'Boulevard de la révolution, Bobo-Dioulasso','Bobo-Dioulasso','Révolution','bon','2026-04-29','','','2026-04-29 19:00:46.055140','2026-04-29 19:00:46.055140',185,'');
INSERT INTO "inventory_support" VALUES(9483,'BOB-047','Rt Banfora / Carrefour Blaise-Kadhafi - station Shell / CARFO A&B','panneau',11.1649167,-4.3141111,'Route de Banfora, carrefour Blaise-Kadhafi, Bobo-Dioulasso','Bobo-Dioulasso','Banfora','bon','2026-04-29','','','2026-04-29 19:00:46.074272','2026-04-29 19:00:46.074272',185,'');
INSERT INTO "inventory_support" VALUES(9484,'BOB-048','Rt Aéroport / Carrefour Blaise-Kadhafi - mur aéroport 24m²','panneau',11.1658333,-4.3146389,'Route de l''aéroport, carrefour Blaise-Kadhafi, Bobo-Dioulasso','Bobo-Dioulasso','Aéroport','bon','2026-04-29','','','2026-04-29 19:00:46.090178','2026-04-29 19:00:46.090178',185,'');
CREATE TABLE "planning_logdiffusion" ("id" integer NOT NULL PRIMARY KEY AUTOINCREMENT, "timestamp" datetime NOT NULL, "duree_sec" integer unsigned NOT NULL CHECK ("duree_sec" >= 0), "genere_auto" bool NOT NULL, "campagne_id" bigint NULL REFERENCES "campaigns_campagne" ("id") DEFERRABLE INITIALLY DEFERRED, "client_id" bigint NULL REFERENCES "campaigns_client" ("id") DEFERRABLE INITIALLY DEFERRED, "ecran_id" bigint NOT NULL REFERENCES "inventory_ecrannumerique" ("id") DEFERRABLE INITIALLY DEFERRED, "ligne_id" bigint NULL REFERENCES "campaigns_lignecampagne" ("id") DEFERRABLE INITIALLY DEFERRED);
CREATE INDEX "inventory_photomaintenance_uploaded_by_id_8bb159a7" ON "inventory_photomaintenance" ("uploaded_by_id");
CREATE INDEX "inventory_photomaintenance_support_id_34319e6b" ON "inventory_photomaintenance" ("support_id");
CREATE UNIQUE INDEX "django_content_type_app_label_model_76bd3d3b_uniq" ON "django_content_type" ("app_label", "model");
CREATE UNIQUE INDEX "auth_group_permissions_group_id_permission_id_0cd325b0_uniq" ON "auth_group_permissions" ("group_id", "permission_id");
CREATE INDEX "auth_group_permissions_group_id_b120cbf9" ON "auth_group_permissions" ("group_id");
CREATE INDEX "auth_group_permissions_permission_id_84c5c92e" ON "auth_group_permissions" ("permission_id");
CREATE UNIQUE INDEX "auth_permission_content_type_id_codename_01ab375a_uniq" ON "auth_permission" ("content_type_id", "codename");
CREATE INDEX "auth_permission_content_type_id_2f476e4b" ON "auth_permission" ("content_type_id");
CREATE UNIQUE INDEX "accounts_user_groups_user_id_group_id_59c0b32f_uniq" ON "accounts_user_groups" ("user_id", "group_id");
CREATE INDEX "accounts_user_groups_user_id_52b62117" ON "accounts_user_groups" ("user_id");
CREATE INDEX "accounts_user_groups_group_id_bd11a704" ON "accounts_user_groups" ("group_id");
CREATE UNIQUE INDEX "accounts_user_user_permissions_user_id_permission_id_2ab516c2_uniq" ON "accounts_user_user_permissions" ("user_id", "permission_id");
CREATE INDEX "accounts_user_user_permissions_user_id_e4f0a161" ON "accounts_user_user_permissions" ("user_id");
CREATE INDEX "accounts_user_user_permissions_permission_id_113bb443" ON "accounts_user_user_permissions" ("permission_id");
CREATE INDEX "django_admin_log_content_type_id_c4bce8eb" ON "django_admin_log" ("content_type_id");
CREATE INDEX "django_admin_log_user_id_c564eba6" ON "django_admin_log" ("user_id");
CREATE INDEX "planning_logdiffusion_campagne_id_34c1e92d" ON "planning_logdiffusion" ("campagne_id");
CREATE INDEX "planning_logdiffusion_client_id_84395ca5" ON "planning_logdiffusion" ("client_id");
CREATE INDEX "planning_logdiffusion_ecran_id_b57510f1" ON "planning_logdiffusion" ("ecran_id");
CREATE INDEX "planning_logdiffusion_ligne_id_21d2f81f" ON "planning_logdiffusion" ("ligne_id");
CREATE INDEX "django_session_expire_date_a5c62663" ON "django_session" ("expire_date");
CREATE INDEX "campaigns_contrat_client_id_df31ac40" ON "campaigns_contrat" ("client_id");
CREATE UNIQUE INDEX "inventory_facepanneau_support_id_label_6ab709c3_uniq" ON "inventory_facepanneau" ("support_id", "label");
CREATE INDEX "inventory_facepanneau_support_id_a6484be8" ON "inventory_facepanneau" ("support_id");
CREATE INDEX "inventory_support_created_by_id_3922c4ff" ON "inventory_support" ("created_by_id");
CREATE INDEX "campaigns_lignecampagne_campagne_id_e400eb28" ON "campaigns_lignecampagne" ("campagne_id");
CREATE INDEX "campaigns_lignecampagne_face_id_b7ff8275" ON "campaigns_lignecampagne" ("face_id");
CREATE INDEX "campaigns_lignecampagne_support_id_35da29e9" ON "campaigns_lignecampagne" ("support_id");
CREATE INDEX "accounts_auditlog_user_id_1dfbca79" ON "accounts_auditlog" ("user_id");
CREATE INDEX "accounts_au_user_id_7b1069_idx" ON "accounts_auditlog" ("user_id", "created_at");
CREATE INDEX "accounts_au_action_c683b9_idx" ON "accounts_auditlog" ("action", "created_at");
CREATE INDEX "accounts_au_module_0c9200_idx" ON "accounts_auditlog" ("module", "created_at");
CREATE INDEX "accounts_au_level_f52852_idx" ON "accounts_auditlog" ("level");
CREATE INDEX "campaigns_campagne_created_by_id_c5483db6" ON "campaigns_campagne" ("created_by_id");
CREATE INDEX "campaigns_campagne_client_id_07a927be" ON "campaigns_campagne" ("client_id");
CREATE INDEX "campaigns_campagne_contrat_id_f7fcb6a3" ON "campaigns_campagne" ("contrat_id");
CREATE INDEX "campaigns_campagnevisuel_campagne_id_814c1e46" ON "campaigns_campagnevisuel" ("campagne_id");
DELETE FROM "sqlite_sequence";
INSERT INTO "sqlite_sequence" VALUES('django_migrations',34);
INSERT INTO "sqlite_sequence" VALUES('django_content_type',17);
INSERT INTO "sqlite_sequence" VALUES('auth_permission',68);
INSERT INTO "sqlite_sequence" VALUES('auth_group',0);
INSERT INTO "sqlite_sequence" VALUES('accounts_user',188);
INSERT INTO "sqlite_sequence" VALUES('django_admin_log',192);
INSERT INTO "sqlite_sequence" VALUES('campaigns_client',455);
INSERT INTO "sqlite_sequence" VALUES('inventory_photomaintenance',7);
INSERT INTO "sqlite_sequence" VALUES('campaigns_contrat',454);
INSERT INTO "sqlite_sequence" VALUES('inventory_ecrannumerique',455);
INSERT INTO "sqlite_sequence" VALUES('inventory_facepanneau',18059);
INSERT INTO "sqlite_sequence" VALUES('inventory_support',9486);
INSERT INTO "sqlite_sequence" VALUES('campaigns_lignecampagne',7121);
INSERT INTO "sqlite_sequence" VALUES('accounts_auditlog',210);
INSERT INTO "sqlite_sequence" VALUES('campaigns_campagne',2628);
INSERT INTO "sqlite_sequence" VALUES('campaigns_campagnevisuel',37);
COMMIT;
